2025-07-22 16:14:01,808 INFO (StartupInfoLogger.java:55)- Starting AbeTrustPlatformApplication on berryThinkBook with PID 31764 (D:\GitHub\zdyf3\backend\target\classes started by berry in D:\GitHub\zdyf3)
2025-07-22 16:14:01,867 INFO (SpringApplication.java:651)- No active profile set, falling back to default profiles: default
2025-07-22 16:14:03,124 INFO (RepositoryConfigurationDelegate.java:127)- Bootstrapping Spring Data JPA repositories in DEFAULT mode.
2025-07-22 16:14:03,257 INFO (RepositoryConfigurationDelegate.java:187)- Finished Spring Data repository scanning in 119ms. Found 2 JPA repository interfaces.
2025-07-22 16:14:03,634 INFO (PostProcessorRegistrationDelegate.java:330)- Bean 'org.springframework.transaction.annotation.ProxyTransactionManagementConfiguration' of type [org.springframework.transaction.annotation.ProxyTransactionManagementConfiguration] is not eligible for getting processed by all BeanPostProcessors (for example: not eligible for auto-proxying)
2025-07-22 16:14:04,174 INFO (TomcatWebServer.java:92)- Tomcat initialized with port(s): 8080 (http)
2025-07-22 16:14:04,188 INFO (DirectJDKLog.java:173)- Initializing ProtocolHandler ["http-nio-8080"]
2025-07-22 16:14:04,190 INFO (DirectJDKLog.java:173)- Starting service [Tomcat]
2025-07-22 16:14:04,190 INFO (DirectJDKLog.java:173)- Starting Servlet engine: [Apache Tomcat/9.0.30]
2025-07-22 16:14:04,507 INFO (DirectJDKLog.java:173)- Initializing Spring embedded WebApplicationContext
2025-07-22 16:14:04,508 INFO (ServletWebServerApplicationContext.java:284)- Root WebApplicationContext: initialization completed in 2537 ms
2025-07-22 16:14:04,693 INFO (HikariDataSource.java:110)- HikariPool-1 - Starting...
2025-07-22 16:14:04,992 INFO (HikariDataSource.java:123)- HikariPool-1 - Start completed.
2025-07-22 16:14:05,060 INFO (LogHelper.java:31)- HHH000204: Processing PersistenceUnitInfo [name: default]
2025-07-22 16:14:05,172 INFO (Version.java:46)- HHH000412: Hibernate Core {5.4.10.Final}
2025-07-22 16:14:05,382 INFO (JavaReflectionManager.java:49)- HCANN000001: Hibernate Commons Annotations {5.1.0.Final}
2025-07-22 16:14:05,557 INFO (Dialect.java:172)- HHH000400: Using dialect: org.hibernate.dialect.MySQL8Dialect
2025-07-22 16:14:06,429 INFO (JtaPlatformInitiator.java:52)- HHH000490: Using JtaPlatform implementation: [org.hibernate.engine.transaction.jta.platform.internal.NoJtaPlatform]
2025-07-22 16:14:06,439 INFO (AbstractEntityManagerFactoryBean.java:416)- Initialized JPA EntityManagerFactory for persistence unit 'default'
2025-07-22 16:14:06,507 WARN (Config.java:128)- Failed to load any configuration from: config.properties. Using toolkit defaults
2025-07-22 16:14:09,601 INFO (Channel.java:1310)- Channel Channel{id: 1, name: myc} eventThread started shutdown: false  thread: null 
2025-07-22 16:14:10,228 WARN (JpaBaseConfiguration.java:220)- spring.jpa.open-in-view is enabled by default. Therefore, database queries may be performed during view rendering. Explicitly configure spring.jpa.open-in-view to disable this warning
2025-07-22 16:14:10,321 WARN (JacksonAutoConfiguration.java:123)- Auto-configuration of Jackson's Joda-Time integration is deprecated in favor of using java.time (JSR-310).
2025-07-22 16:14:10,390 INFO (ExecutorConfigurationSupport.java:171)- Initializing ExecutorService 'applicationTaskExecutor'
2025-07-22 16:14:10,472 INFO (WelcomePageHandlerMapping.java:54)- Adding welcome page: class path resource [static/index.html]
2025-07-22 16:14:10,666 INFO (DirectJDKLog.java:173)- Starting ProtocolHandler ["http-nio-8080"]
2025-07-22 16:14:10,680 INFO (TomcatWebServer.java:204)- Tomcat started on port(s): 8080 (http) with context path '/abe'
2025-07-22 16:14:10,683 INFO (StartupInfoLogger.java:61)- Started AbeTrustPlatformApplication in 10.03 seconds (JVM running for 12.374)
2025-07-22 16:17:12,358 INFO (ExecutorConfigurationSupport.java:208)- Shutting down ExecutorService 'applicationTaskExecutor'
2025-07-22 16:17:12,359 INFO (AbstractEntityManagerFactoryBean.java:598)- Closing JPA EntityManagerFactory for persistence unit 'default'
2025-07-22 16:17:12,361 INFO (HikariDataSource.java:350)- HikariPool-1 - Shutdown initiated...
2025-07-22 16:17:12,381 INFO (HikariDataSource.java:352)- HikariPool-1 - Shutdown completed.
2025-07-22 16:17:18,822 INFO (StartupInfoLogger.java:55)- Starting AbeTrustPlatformApplication on berryThinkBook with PID 53096 (D:\GitHub\zdyf3\backend\target\classes started by berry in D:\GitHub\zdyf3)
2025-07-22 16:17:18,870 INFO (SpringApplication.java:651)- No active profile set, falling back to default profiles: default
2025-07-22 16:17:19,466 INFO (RepositoryConfigurationDelegate.java:127)- Bootstrapping Spring Data JPA repositories in DEFAULT mode.
2025-07-22 16:17:19,562 INFO (RepositoryConfigurationDelegate.java:187)- Finished Spring Data repository scanning in 89ms. Found 2 JPA repository interfaces.
2025-07-22 16:17:19,804 INFO (PostProcessorRegistrationDelegate.java:330)- Bean 'org.springframework.transaction.annotation.ProxyTransactionManagementConfiguration' of type [org.springframework.transaction.annotation.ProxyTransactionManagementConfiguration] is not eligible for getting processed by all BeanPostProcessors (for example: not eligible for auto-proxying)
2025-07-22 16:17:20,119 INFO (TomcatWebServer.java:92)- Tomcat initialized with port(s): 8080 (http)
2025-07-22 16:17:20,127 INFO (DirectJDKLog.java:173)- Initializing ProtocolHandler ["http-nio-8080"]
2025-07-22 16:17:20,128 INFO (DirectJDKLog.java:173)- Starting service [Tomcat]
2025-07-22 16:17:20,128 INFO (DirectJDKLog.java:173)- Starting Servlet engine: [Apache Tomcat/9.0.30]
2025-07-22 16:17:20,331 INFO (DirectJDKLog.java:173)- Initializing Spring embedded WebApplicationContext
2025-07-22 16:17:20,331 INFO (ServletWebServerApplicationContext.java:284)- Root WebApplicationContext: initialization completed in 1425 ms
2025-07-22 16:17:20,458 INFO (HikariDataSource.java:110)- HikariPool-1 - Starting...
2025-07-22 16:17:20,616 INFO (HikariDataSource.java:123)- HikariPool-1 - Start completed.
2025-07-22 16:17:20,657 INFO (LogHelper.java:31)- HHH000204: Processing PersistenceUnitInfo [name: default]
2025-07-22 16:17:20,705 INFO (Version.java:46)- HHH000412: Hibernate Core {5.4.10.Final}
2025-07-22 16:17:20,799 INFO (JavaReflectionManager.java:49)- HCANN000001: Hibernate Commons Annotations {5.1.0.Final}
2025-07-22 16:17:20,893 INFO (Dialect.java:172)- HHH000400: Using dialect: org.hibernate.dialect.MySQL8Dialect
2025-07-22 16:17:21,529 INFO (JtaPlatformInitiator.java:52)- HHH000490: Using JtaPlatform implementation: [org.hibernate.engine.transaction.jta.platform.internal.NoJtaPlatform]
2025-07-22 16:17:21,538 INFO (AbstractEntityManagerFactoryBean.java:416)- Initialized JPA EntityManagerFactory for persistence unit 'default'
2025-07-22 16:17:21,600 WARN (Config.java:128)- Failed to load any configuration from: config.properties. Using toolkit defaults
2025-07-22 16:17:23,757 INFO (Channel.java:1310)- Channel Channel{id: 1, name: myc} eventThread started shutdown: false  thread: null 
2025-07-22 16:17:24,329 WARN (JpaBaseConfiguration.java:220)- spring.jpa.open-in-view is enabled by default. Therefore, database queries may be performed during view rendering. Explicitly configure spring.jpa.open-in-view to disable this warning
2025-07-22 16:17:24,428 WARN (JacksonAutoConfiguration.java:123)- Auto-configuration of Jackson's Joda-Time integration is deprecated in favor of using java.time (JSR-310).
2025-07-22 16:17:24,564 INFO (ExecutorConfigurationSupport.java:171)- Initializing ExecutorService 'applicationTaskExecutor'
2025-07-22 16:17:24,786 INFO (WelcomePageHandlerMapping.java:54)- Adding welcome page: class path resource [static/index.html]
2025-07-22 16:17:25,377 INFO (DirectJDKLog.java:173)- Starting ProtocolHandler ["http-nio-8080"]
2025-07-22 16:17:25,411 INFO (TomcatWebServer.java:204)- Tomcat started on port(s): 8080 (http) with context path '/abe'
2025-07-22 16:17:25,414 INFO (StartupInfoLogger.java:61)- Started AbeTrustPlatformApplication in 7.045 seconds (JVM running for 8.902)
2025-07-22 16:18:28,830 INFO (DirectJDKLog.java:173)- Initializing Spring DispatcherServlet 'dispatcherServlet'
2025-07-22 16:18:28,832 INFO (FrameworkServlet.java:525)- Initializing Servlet 'dispatcherServlet'
2025-07-22 16:18:28,864 INFO (FrameworkServlet.java:547)- Completed initialization in 31 ms
2025-07-22 16:19:30,185 INFO (ExecutorConfigurationSupport.java:208)- Shutting down ExecutorService 'applicationTaskExecutor'
2025-07-22 16:19:30,188 INFO (AbstractEntityManagerFactoryBean.java:598)- Closing JPA EntityManagerFactory for persistence unit 'default'
2025-07-22 16:19:30,193 INFO (HikariDataSource.java:350)- HikariPool-1 - Shutdown initiated...
2025-07-22 16:19:30,211 INFO (HikariDataSource.java:352)- HikariPool-1 - Shutdown completed.
2025-07-22 16:19:35,057 INFO (StartupInfoLogger.java:55)- Starting AbeTrustPlatformApplication on berryThinkBook with PID 27412 (D:\GitHub\zdyf3\backend\target\classes started by berry in D:\GitHub\zdyf3)
2025-07-22 16:19:35,059 INFO (SpringApplication.java:651)- No active profile set, falling back to default profiles: default
2025-07-22 16:19:35,473 INFO (RepositoryConfigurationDelegate.java:127)- Bootstrapping Spring Data JPA repositories in DEFAULT mode.
2025-07-22 16:19:35,544 INFO (RepositoryConfigurationDelegate.java:187)- Finished Spring Data repository scanning in 66ms. Found 2 JPA repository interfaces.
2025-07-22 16:19:35,739 INFO (PostProcessorRegistrationDelegate.java:330)- Bean 'org.springframework.transaction.annotation.ProxyTransactionManagementConfiguration' of type [org.springframework.transaction.annotation.ProxyTransactionManagementConfiguration] is not eligible for getting processed by all BeanPostProcessors (for example: not eligible for auto-proxying)
2025-07-22 16:19:36,028 INFO (TomcatWebServer.java:92)- Tomcat initialized with port(s): 8080 (http)
2025-07-22 16:19:36,035 INFO (DirectJDKLog.java:173)- Initializing ProtocolHandler ["http-nio-8080"]
2025-07-22 16:19:36,036 INFO (DirectJDKLog.java:173)- Starting service [Tomcat]
2025-07-22 16:19:36,036 INFO (DirectJDKLog.java:173)- Starting Servlet engine: [Apache Tomcat/9.0.30]
2025-07-22 16:19:36,215 INFO (DirectJDKLog.java:173)- Initializing Spring embedded WebApplicationContext
2025-07-22 16:19:36,215 INFO (ServletWebServerApplicationContext.java:284)- Root WebApplicationContext: initialization completed in 1102 ms
2025-07-22 16:19:36,333 INFO (HikariDataSource.java:110)- HikariPool-1 - Starting...
2025-07-22 16:19:36,524 INFO (HikariDataSource.java:123)- HikariPool-1 - Start completed.
2025-07-22 16:19:36,573 INFO (LogHelper.java:31)- HHH000204: Processing PersistenceUnitInfo [name: default]
2025-07-22 16:19:36,617 INFO (Version.java:46)- HHH000412: Hibernate Core {5.4.10.Final}
2025-07-22 16:19:36,689 INFO (JavaReflectionManager.java:49)- HCANN000001: Hibernate Commons Annotations {5.1.0.Final}
2025-07-22 16:19:36,757 INFO (Dialect.java:172)- HHH000400: Using dialect: org.hibernate.dialect.MySQL8Dialect
2025-07-22 16:19:37,260 INFO (JtaPlatformInitiator.java:52)- HHH000490: Using JtaPlatform implementation: [org.hibernate.engine.transaction.jta.platform.internal.NoJtaPlatform]
2025-07-22 16:19:37,267 INFO (AbstractEntityManagerFactoryBean.java:416)- Initialized JPA EntityManagerFactory for persistence unit 'default'
2025-07-22 16:19:37,309 WARN (Config.java:128)- Failed to load any configuration from: config.properties. Using toolkit defaults
2025-07-22 16:19:39,302 INFO (Channel.java:1310)- Channel Channel{id: 1, name: myc} eventThread started shutdown: false  thread: null 
2025-07-22 16:19:39,833 WARN (JpaBaseConfiguration.java:220)- spring.jpa.open-in-view is enabled by default. Therefore, database queries may be performed during view rendering. Explicitly configure spring.jpa.open-in-view to disable this warning
2025-07-22 16:19:39,926 WARN (JacksonAutoConfiguration.java:123)- Auto-configuration of Jackson's Joda-Time integration is deprecated in favor of using java.time (JSR-310).
2025-07-22 16:19:39,990 INFO (ExecutorConfigurationSupport.java:171)- Initializing ExecutorService 'applicationTaskExecutor'
2025-07-22 16:19:40,064 INFO (WelcomePageHandlerMapping.java:54)- Adding welcome page: class path resource [static/index.html]
2025-07-22 16:19:40,245 INFO (DirectJDKLog.java:173)- Starting ProtocolHandler ["http-nio-8080"]
2025-07-22 16:19:40,257 INFO (TomcatWebServer.java:204)- Tomcat started on port(s): 8080 (http) with context path '/abe'
2025-07-22 16:19:40,264 INFO (StartupInfoLogger.java:61)- Started AbeTrustPlatformApplication in 5.467 seconds (JVM running for 6.516)
2025-07-22 16:19:48,457 INFO (DirectJDKLog.java:173)- Initializing Spring DispatcherServlet 'dispatcherServlet'
2025-07-22 16:19:48,457 INFO (FrameworkServlet.java:525)- Initializing Servlet 'dispatcherServlet'
2025-07-22 16:19:48,474 INFO (FrameworkServlet.java:547)- Completed initialization in 17 ms
2025-07-22 16:25:51,041 INFO (ExecutorConfigurationSupport.java:208)- Shutting down ExecutorService 'applicationTaskExecutor'
2025-07-22 16:25:51,043 INFO (AbstractEntityManagerFactoryBean.java:598)- Closing JPA EntityManagerFactory for persistence unit 'default'
2025-07-22 16:25:51,046 INFO (HikariDataSource.java:350)- HikariPool-1 - Shutdown initiated...
2025-07-22 16:25:51,054 INFO (HikariDataSource.java:352)- HikariPool-1 - Shutdown completed.
2025-07-22 16:26:24,282 INFO (StartupInfoLogger.java:55)- Starting AbeTrustPlatformApplication on berryThinkBook with PID 7960 (D:\GitHub\zdyf3\backend\target\classes started by berry in D:\GitHub\zdyf3)
2025-07-22 16:26:24,287 INFO (SpringApplication.java:651)- No active profile set, falling back to default profiles: default
2025-07-22 16:26:25,214 INFO (RepositoryConfigurationDelegate.java:127)- Bootstrapping Spring Data JPA repositories in DEFAULT mode.
2025-07-22 16:26:25,371 INFO (RepositoryConfigurationDelegate.java:187)- Finished Spring Data repository scanning in 147ms. Found 2 JPA repository interfaces.
2025-07-22 16:26:25,865 INFO (PostProcessorRegistrationDelegate.java:330)- Bean 'org.springframework.transaction.annotation.ProxyTransactionManagementConfiguration' of type [org.springframework.transaction.annotation.ProxyTransactionManagementConfiguration] is not eligible for getting processed by all BeanPostProcessors (for example: not eligible for auto-proxying)
2025-07-22 16:26:26,528 INFO (TomcatWebServer.java:92)- Tomcat initialized with port(s): 8080 (http)
2025-07-22 16:26:26,550 INFO (DirectJDKLog.java:173)- Initializing ProtocolHandler ["http-nio-8080"]
2025-07-22 16:26:26,551 INFO (DirectJDKLog.java:173)- Starting service [Tomcat]
2025-07-22 16:26:26,552 INFO (DirectJDKLog.java:173)- Starting Servlet engine: [Apache Tomcat/9.0.30]
2025-07-22 16:26:26,917 INFO (DirectJDKLog.java:173)- Initializing Spring embedded WebApplicationContext
2025-07-22 16:26:26,918 INFO (ServletWebServerApplicationContext.java:284)- Root WebApplicationContext: initialization completed in 2522 ms
2025-07-22 16:26:27,199 INFO (HikariDataSource.java:110)- HikariPool-1 - Starting...
2025-07-22 16:26:27,478 INFO (HikariDataSource.java:123)- HikariPool-1 - Start completed.
2025-07-22 16:26:27,529 INFO (LogHelper.java:31)- HHH000204: Processing PersistenceUnitInfo [name: default]
2025-07-22 16:26:27,598 INFO (Version.java:46)- HHH000412: Hibernate Core {5.4.10.Final}
2025-07-22 16:26:27,731 INFO (JavaReflectionManager.java:49)- HCANN000001: Hibernate Commons Annotations {5.1.0.Final}
2025-07-22 16:26:27,845 INFO (Dialect.java:172)- HHH000400: Using dialect: org.hibernate.dialect.MySQL8Dialect
2025-07-22 16:26:28,595 INFO (JtaPlatformInitiator.java:52)- HHH000490: Using JtaPlatform implementation: [org.hibernate.engine.transaction.jta.platform.internal.NoJtaPlatform]
2025-07-22 16:26:28,604 INFO (AbstractEntityManagerFactoryBean.java:416)- Initialized JPA EntityManagerFactory for persistence unit 'default'
2025-07-22 16:26:28,684 WARN (Config.java:128)- Failed to load any configuration from: config.properties. Using toolkit defaults
2025-07-22 16:26:31,481 INFO (Channel.java:1310)- Channel Channel{id: 1, name: myc} eventThread started shutdown: false  thread: null 
2025-07-22 16:26:32,121 WARN (JpaBaseConfiguration.java:220)- spring.jpa.open-in-view is enabled by default. Therefore, database queries may be performed during view rendering. Explicitly configure spring.jpa.open-in-view to disable this warning
2025-07-22 16:26:32,223 WARN (JacksonAutoConfiguration.java:123)- Auto-configuration of Jackson's Joda-Time integration is deprecated in favor of using java.time (JSR-310).
2025-07-22 16:26:32,293 INFO (ExecutorConfigurationSupport.java:171)- Initializing ExecutorService 'applicationTaskExecutor'
2025-07-22 16:26:32,374 INFO (WelcomePageHandlerMapping.java:54)- Adding welcome page: class path resource [static/index.html]
2025-07-22 16:26:32,574 INFO (DirectJDKLog.java:173)- Starting ProtocolHandler ["http-nio-8080"]
2025-07-22 16:26:32,591 INFO (TomcatWebServer.java:204)- Tomcat started on port(s): 8080 (http) with context path '/abe'
2025-07-22 16:26:32,593 INFO (StartupInfoLogger.java:61)- Started AbeTrustPlatformApplication in 9.08 seconds (JVM running for 11.829)
2025-07-22 16:27:31,823 INFO (DirectJDKLog.java:173)- Initializing Spring DispatcherServlet 'dispatcherServlet'
2025-07-22 16:27:31,824 INFO (FrameworkServlet.java:525)- Initializing Servlet 'dispatcherServlet'
2025-07-22 16:27:31,856 INFO (FrameworkServlet.java:547)- Completed initialization in 32 ms
2025-07-22 16:29:26,654 INFO (ControllerOperatorAspect.java:34)- Entering controller=ControllerLog(classMethod=com.weiyan.atp.app.controller.UserController.createUserInOne, ip=0:0:0:0:0:0:0:1, args=[CreateUserInOneRequest(userName=u1, userType=user, channel=default, password=111)], url=http://localhost:8080/abe/user/create, result=null, startTime=1753172966654, endTime=0, spendTime=0, httpMethod=POST, user=null) 
2025-07-22 16:29:26,856 INFO (ControllerOperatorAspect.java:45)- Returning from controller=ControllerLog(classMethod=com.weiyan.atp.app.controller.UserController.createUserInOne, ip=0:0:0:0:0:0:0:1, args=[CreateUserInOneRequest(userName=u1, userType=user, channel=default, password=111)], url=http://localhost:8080/abe/user/create, result=Result(code=500, message=User Already Exists, data=null), startTime=1753172966654, endTime=1753172966856, spendTime=202, httpMethod=POST, user=null) 
2025-07-22 16:29:30,337 INFO (ControllerOperatorAspect.java:34)- Entering controller=ControllerLog(classMethod=com.weiyan.atp.app.controller.UserController.createUserInOne, ip=0:0:0:0:0:0:0:1, args=[CreateUserInOneRequest(userName=u2, userType=user, channel=default, password=111)], url=http://localhost:8080/abe/user/create, result=null, startTime=1753172970337, endTime=0, spendTime=0, httpMethod=POST, user=null) 
2025-07-22 16:29:30,963 INFO (DatabaseDABEServiceImpl.java:137)- 用户创建成功: u2
2025-07-22 16:29:35,314 INFO (ControllerOperatorAspect.java:45)- Returning from controller=ControllerLog(classMethod=com.weiyan.atp.app.controller.UserController.createUserInOne, ip=0:0:0:0:0:0:0:1, args=[CreateUserInOneRequest(userName=u2, userType=user, channel=default, password=111)], url=http://localhost:8080/abe/user/create, result=Result(code=200, message=null, data=Result(code=200, message=null, data=)), startTime=1753172970337, endTime=1753172975314, spendTime=4977, httpMethod=POST, user=null) 
2025-07-22 16:29:39,525 INFO (ControllerOperatorAspect.java:34)- Entering controller=ControllerLog(classMethod=com.weiyan.atp.app.controller.DABEController.getUser2, ip=0:0:0:0:0:0:0:1, args=[u2, 111], url=http://localhost:8080/abe/dabe/user2, result=null, startTime=1753172979525, endTime=0, spendTime=0, httpMethod=POST, user=null) 
2025-07-22 16:29:39,568 INFO (ControllerOperatorAspect.java:45)- Returning from controller=ControllerLog(classMethod=com.weiyan.atp.app.controller.DABEController.getUser2, ip=0:0:0:0:0:0:0:1, args=[u2, 111], url=http://localhost:8080/abe/dabe/user2, result=Result(code=200, message=null, data=DABEUser(apkMap={}, askMap={}, eggAlpha=[518408508949828244036805377315677308829468683736526481378018073194946313926453250553376554446190685481265170062231290, 4872673767387353272499530066392262008525008354710508873009177567045820818143167610515988809119865059319307561553564152], alpha=2798034349413018788545470294659116570402242999231123568651816138185453508884310748043743048355884753184601271415489, gAlpha=[517534224993042805884612797149133397770093031985706899250556185961354712584494865787570809632518209783901087255789459, 6496571495760191031544309746054887553950672124211599993806509851484595356039389162357190818110463413936277858799150356], name=u2, opkMap={}, oskMap={}, appliedAttrMap={}, privacyAttrMap={}, password=698d51a19d8a121ce581499d7b701668, userType=user, channel=default)), startTime=1753172979525, endTime=1753172979568, spendTime=43, httpMethod=POST, user=null) 
2025-07-22 16:29:46,165 INFO (ControllerOperatorAspect.java:34)- Entering controller=ControllerLog(classMethod=com.weiyan.atp.app.controller.UserController.attrHistory, ip=0:0:0:0:0:0:0:1, args=[u2], url=http://localhost:8080/abe/user/attr/history, result=null, startTime=1753172986165, endTime=0, spendTime=0, httpMethod=POST, user=null) 
2025-07-22 16:29:46,166 INFO (ControllerOperatorAspect.java:34)- Entering controller=ControllerLog(classMethod=com.weiyan.atp.app.controller.UserController.queryAttrApply, ip=0:0:0:0:0:0:0:1, args=[u2, 0, null, ALL], url=http://localhost:8080/abe/user/attr/apply, result=null, startTime=1753172986166, endTime=0, spendTime=0, httpMethod=GET, user=null) 
2025-07-22 16:29:46,233 INFO (ControllerOperatorAspect.java:45)- Returning from controller=ControllerLog(classMethod=com.weiyan.atp.app.controller.UserController.attrHistory, ip=0:0:0:0:0:0:0:1, args=[u2], url=http://localhost:8080/abe/user/attr/history, result=Result(code=200, message=null, data=[]), startTime=1753172986165, endTime=1753172986233, spendTime=68, httpMethod=POST, user=null) 
2025-07-22 16:29:46,245 INFO (ControllerOperatorAspect.java:45)- Returning from controller=ControllerLog(classMethod=com.weiyan.atp.app.controller.UserController.queryAttrApply, ip=0:0:0:0:0:0:0:1, args=[u2, 0, null, ALL], url=http://localhost:8080/abe/user/attr/apply, result=Result(code=200, message=null, data=[]), startTime=1753172986166, endTime=1753172986245, spendTime=79, httpMethod=GET, user=null) 
2025-07-22 16:29:56,163 INFO (ControllerOperatorAspect.java:34)- Entering controller=ControllerLog(classMethod=com.weiyan.atp.app.controller.DABEController.getUser2, ip=0:0:0:0:0:0:0:1, args=[u2, 111], url=http://localhost:8080/abe/dabe/user2, result=null, startTime=1753172996163, endTime=0, spendTime=0, httpMethod=POST, user=null) 
2025-07-22 16:29:56,188 INFO (ControllerOperatorAspect.java:45)- Returning from controller=ControllerLog(classMethod=com.weiyan.atp.app.controller.DABEController.getUser2, ip=0:0:0:0:0:0:0:1, args=[u2, 111], url=http://localhost:8080/abe/dabe/user2, result=Result(code=200, message=null, data=DABEUser(apkMap={}, askMap={}, eggAlpha=[518408508949828244036805377315677308829468683736526481378018073194946313926453250553376554446190685481265170062231290, 4872673767387353272499530066392262008525008354710508873009177567045820818143167610515988809119865059319307561553564152], alpha=2798034349413018788545470294659116570402242999231123568651816138185453508884310748043743048355884753184601271415489, gAlpha=[517534224993042805884612797149133397770093031985706899250556185961354712584494865787570809632518209783901087255789459, 6496571495760191031544309746054887553950672124211599993806509851484595356039389162357190818110463413936277858799150356], name=u2, opkMap={}, oskMap={}, appliedAttrMap={}, privacyAttrMap={}, password=698d51a19d8a121ce581499d7b701668, userType=user, channel=default)), startTime=1753172996163, endTime=1753172996188, spendTime=25, httpMethod=POST, user=null) 
2025-07-22 16:29:57,367 INFO (ControllerOperatorAspect.java:34)- Entering controller=ControllerLog(classMethod=com.weiyan.atp.app.controller.UserController.queryAttrApply, ip=0:0:0:0:0:0:0:1, args=[u2, 0, null, ALL], url=http://localhost:8080/abe/user/attr/apply, result=null, startTime=1753172997367, endTime=0, spendTime=0, httpMethod=GET, user=null) 
2025-07-22 16:29:57,372 INFO (ControllerOperatorAspect.java:34)- Entering controller=ControllerLog(classMethod=com.weiyan.atp.app.controller.UserController.attrHistory, ip=0:0:0:0:0:0:0:1, args=[u2], url=http://localhost:8080/abe/user/attr/history, result=null, startTime=1753172997372, endTime=0, spendTime=0, httpMethod=POST, user=null) 
2025-07-22 16:29:57,398 INFO (ControllerOperatorAspect.java:45)- Returning from controller=ControllerLog(classMethod=com.weiyan.atp.app.controller.UserController.queryAttrApply, ip=0:0:0:0:0:0:0:1, args=[u2, 0, null, ALL], url=http://localhost:8080/abe/user/attr/apply, result=Result(code=200, message=null, data=[]), startTime=1753172997367, endTime=1753172997398, spendTime=31, httpMethod=GET, user=null) 
2025-07-22 16:29:57,407 INFO (ControllerOperatorAspect.java:45)- Returning from controller=ControllerLog(classMethod=com.weiyan.atp.app.controller.UserController.attrHistory, ip=0:0:0:0:0:0:0:1, args=[u2], url=http://localhost:8080/abe/user/attr/history, result=Result(code=200, message=null, data=[]), startTime=1753172997372, endTime=1753172997407, spendTime=35, httpMethod=POST, user=null) 
2025-07-22 16:31:57,888 INFO (ControllerOperatorAspect.java:34)- Entering controller=ControllerLog(classMethod=com.weiyan.atp.app.controller.ContentController.queryContents, ip=0:0:0:0:0:0:0:1, args=[, , 10, ], url=http://localhost:8080/abe/content/list, result=null, startTime=1753173117888, endTime=0, spendTime=0, httpMethod=GET, user=null) 
2025-07-22 16:31:57,967 INFO (ControllerOperatorAspect.java:45)- Returning from controller=ControllerLog(classMethod=com.weiyan.atp.app.controller.ContentController.queryContents, ip=0:0:0:0:0:0:0:1, args=[, , 10, ], url=http://localhost:8080/abe/content/list, result=Result(code=200, message=null, data=PlatContentsResponse(contents=[], bookmark=nil, pageSize=10, count=0)), startTime=1753173117888, endTime=1753173117967, spendTime=79, httpMethod=GET, user=null) 
2025-07-22 16:32:02,719 INFO (ControllerOperatorAspect.java:34)- Entering controller=ControllerLog(classMethod=com.weiyan.atp.app.controller.UserController.attrHistory, ip=0:0:0:0:0:0:0:1, args=[u2], url=http://localhost:8080/abe/user/attr/history, result=null, startTime=1753173122719, endTime=0, spendTime=0, httpMethod=POST, user=null) 
2025-07-22 16:32:02,719 INFO (ControllerOperatorAspect.java:34)- Entering controller=ControllerLog(classMethod=com.weiyan.atp.app.controller.UserController.queryAttrApply, ip=0:0:0:0:0:0:0:1, args=[u2, 0, null, ALL], url=http://localhost:8080/abe/user/attr/apply, result=null, startTime=1753173122719, endTime=0, spendTime=0, httpMethod=GET, user=null) 
2025-07-22 16:32:02,752 INFO (ControllerOperatorAspect.java:45)- Returning from controller=ControllerLog(classMethod=com.weiyan.atp.app.controller.UserController.attrHistory, ip=0:0:0:0:0:0:0:1, args=[u2], url=http://localhost:8080/abe/user/attr/history, result=Result(code=200, message=null, data=[]), startTime=1753173122719, endTime=1753173122752, spendTime=33, httpMethod=POST, user=null) 
2025-07-22 16:32:02,753 INFO (ControllerOperatorAspect.java:45)- Returning from controller=ControllerLog(classMethod=com.weiyan.atp.app.controller.UserController.queryAttrApply, ip=0:0:0:0:0:0:0:1, args=[u2, 0, null, ALL], url=http://localhost:8080/abe/user/attr/apply, result=Result(code=200, message=null, data=[]), startTime=1753173122719, endTime=1753173122753, spendTime=34, httpMethod=GET, user=null) 
2025-07-22 16:32:04,080 INFO (ControllerOperatorAspect.java:34)- Entering controller=ControllerLog(classMethod=com.weiyan.atp.app.controller.ContentController.queryContents, ip=0:0:0:0:0:0:0:1, args=[u2, , 10, ], url=http://localhost:8080/abe/content/list, result=null, startTime=1753173124079, endTime=0, spendTime=0, httpMethod=GET, user=null) 
2025-07-22 16:32:04,117 INFO (ControllerOperatorAspect.java:45)- Returning from controller=ControllerLog(classMethod=com.weiyan.atp.app.controller.ContentController.queryContents, ip=0:0:0:0:0:0:0:1, args=[u2, , 10, ], url=http://localhost:8080/abe/content/list, result=Result(code=200, message=null, data=PlatContentsResponse(contents=[], bookmark=nil, pageSize=10, count=0)), startTime=1753173124079, endTime=1753173124117, spendTime=38, httpMethod=GET, user=null) 
2025-07-22 16:37:49,324 INFO (ExecutorConfigurationSupport.java:208)- Shutting down ExecutorService 'applicationTaskExecutor'
2025-07-22 16:37:49,325 INFO (AbstractEntityManagerFactoryBean.java:598)- Closing JPA EntityManagerFactory for persistence unit 'default'
2025-07-22 16:37:49,327 INFO (HikariDataSource.java:350)- HikariPool-1 - Shutdown initiated...
2025-07-22 16:37:49,335 INFO (HikariDataSource.java:352)- HikariPool-1 - Shutdown completed.
2025-07-22 16:37:53,928 INFO (StartupInfoLogger.java:55)- Starting AbeTrustPlatformApplication on berryThinkBook with PID 26172 (D:\GitHub\zdyf3\backend\target\classes started by berry in D:\GitHub\zdyf3)
2025-07-22 16:37:53,931 INFO (SpringApplication.java:651)- No active profile set, falling back to default profiles: default
2025-07-22 16:37:54,449 INFO (RepositoryConfigurationDelegate.java:127)- Bootstrapping Spring Data JPA repositories in DEFAULT mode.
2025-07-22 16:37:54,534 INFO (RepositoryConfigurationDelegate.java:187)- Finished Spring Data repository scanning in 79ms. Found 2 JPA repository interfaces.
2025-07-22 16:37:54,752 INFO (PostProcessorRegistrationDelegate.java:330)- Bean 'org.springframework.transaction.annotation.ProxyTransactionManagementConfiguration' of type [org.springframework.transaction.annotation.ProxyTransactionManagementConfiguration] is not eligible for getting processed by all BeanPostProcessors (for example: not eligible for auto-proxying)
2025-07-22 16:37:55,044 INFO (TomcatWebServer.java:92)- Tomcat initialized with port(s): 8080 (http)
2025-07-22 16:37:55,050 INFO (DirectJDKLog.java:173)- Initializing ProtocolHandler ["http-nio-8080"]
2025-07-22 16:37:55,051 INFO (DirectJDKLog.java:173)- Starting service [Tomcat]
2025-07-22 16:37:55,051 INFO (DirectJDKLog.java:173)- Starting Servlet engine: [Apache Tomcat/9.0.30]
2025-07-22 16:37:55,244 INFO (DirectJDKLog.java:173)- Initializing Spring embedded WebApplicationContext
2025-07-22 16:37:55,245 INFO (ServletWebServerApplicationContext.java:284)- Root WebApplicationContext: initialization completed in 1284 ms
2025-07-22 16:37:55,357 INFO (HikariDataSource.java:110)- HikariPool-1 - Starting...
2025-07-22 16:37:55,498 INFO (HikariDataSource.java:123)- HikariPool-1 - Start completed.
2025-07-22 16:37:55,530 INFO (LogHelper.java:31)- HHH000204: Processing PersistenceUnitInfo [name: default]
2025-07-22 16:37:55,569 INFO (Version.java:46)- HHH000412: Hibernate Core {5.4.10.Final}
2025-07-22 16:37:55,646 INFO (JavaReflectionManager.java:49)- HCANN000001: Hibernate Commons Annotations {5.1.0.Final}
2025-07-22 16:37:55,722 INFO (Dialect.java:172)- HHH000400: Using dialect: org.hibernate.dialect.MySQL8Dialect
2025-07-22 16:37:56,206 INFO (JtaPlatformInitiator.java:52)- HHH000490: Using JtaPlatform implementation: [org.hibernate.engine.transaction.jta.platform.internal.NoJtaPlatform]
2025-07-22 16:37:56,212 INFO (AbstractEntityManagerFactoryBean.java:416)- Initialized JPA EntityManagerFactory for persistence unit 'default'
2025-07-22 16:37:56,253 WARN (Config.java:128)- Failed to load any configuration from: config.properties. Using toolkit defaults
2025-07-22 16:37:58,475 INFO (Channel.java:1310)- Channel Channel{id: 1, name: myc} eventThread started shutdown: false  thread: null 
2025-07-22 16:37:59,121 WARN (JpaBaseConfiguration.java:220)- spring.jpa.open-in-view is enabled by default. Therefore, database queries may be performed during view rendering. Explicitly configure spring.jpa.open-in-view to disable this warning
2025-07-22 16:37:59,228 WARN (JacksonAutoConfiguration.java:123)- Auto-configuration of Jackson's Joda-Time integration is deprecated in favor of using java.time (JSR-310).
2025-07-22 16:37:59,314 INFO (ExecutorConfigurationSupport.java:171)- Initializing ExecutorService 'applicationTaskExecutor'
2025-07-22 16:37:59,396 INFO (WelcomePageHandlerMapping.java:54)- Adding welcome page: class path resource [static/index.html]
2025-07-22 16:37:59,627 INFO (DirectJDKLog.java:173)- Starting ProtocolHandler ["http-nio-8080"]
2025-07-22 16:37:59,660 INFO (TomcatWebServer.java:204)- Tomcat started on port(s): 8080 (http) with context path '/abe'
2025-07-22 16:37:59,662 INFO (StartupInfoLogger.java:61)- Started AbeTrustPlatformApplication in 6.141 seconds (JVM running for 7.633)
2025-07-22 16:42:11,910 INFO (DirectJDKLog.java:173)- Initializing Spring DispatcherServlet 'dispatcherServlet'
2025-07-22 16:42:11,910 INFO (FrameworkServlet.java:525)- Initializing Servlet 'dispatcherServlet'
2025-07-22 16:42:11,920 INFO (FrameworkServlet.java:547)- Completed initialization in 10 ms
2025-07-22 16:42:19,996 INFO (ControllerOperatorAspect.java:34)- Entering controller=ControllerLog(classMethod=com.weiyan.atp.app.controller.DABEController.getUser2, ip=0:0:0:0:0:0:0:1, args=[u1, 111], url=http://localhost:8080/abe/dabe/user2, result=null, startTime=1753173739996, endTime=0, spendTime=0, httpMethod=POST, user=null) 
2025-07-22 16:42:20,234 WARN (DatabaseDABEServiceImpl.java:66)- 用户名或密码错误: u1
2025-07-22 16:42:20,238 INFO (ControllerOperatorAspect.java:45)- Returning from controller=ControllerLog(classMethod=com.weiyan.atp.app.controller.DABEController.getUser2, ip=0:0:0:0:0:0:0:1, args=[u1, 111], url=http://localhost:8080/abe/dabe/user2, result=Result(code=500, message=no user or password error, data=null), startTime=1753173739996, endTime=1753173740238, spendTime=242, httpMethod=POST, user=null) 
2025-07-22 16:42:24,898 INFO (ControllerOperatorAspect.java:34)- Entering controller=ControllerLog(classMethod=com.weiyan.atp.app.controller.DABEController.getUser2, ip=0:0:0:0:0:0:0:1, args=[u2, 111], url=http://localhost:8080/abe/dabe/user2, result=null, startTime=1753173744898, endTime=0, spendTime=0, httpMethod=POST, user=null) 
2025-07-22 16:42:25,143 INFO (ControllerOperatorAspect.java:45)- Returning from controller=ControllerLog(classMethod=com.weiyan.atp.app.controller.DABEController.getUser2, ip=0:0:0:0:0:0:0:1, args=[u2, 111], url=http://localhost:8080/abe/dabe/user2, result=Result(code=200, message=null, data=DABEUser(apkMap={}, askMap={}, eggAlpha=[518408508949828244036805377315677308829468683736526481378018073194946313926453250553376554446190685481265170062231290, 4872673767387353272499530066392262008525008354710508873009177567045820818143167610515988809119865059319307561553564152], alpha=2798034349413018788545470294659116570402242999231123568651816138185453508884310748043743048355884753184601271415489, gAlpha=[517534224993042805884612797149133397770093031985706899250556185961354712584494865787570809632518209783901087255789459, 6496571495760191031544309746054887553950672124211599993806509851484595356039389162357190818110463413936277858799150356], name=u2, opkMap={}, oskMap={}, appliedAttrMap={}, privacyAttrMap={}, password=698d51a19d8a121ce581499d7b701668, userType=user, channel=default)), startTime=1753173744898, endTime=1753173745143, spendTime=245, httpMethod=POST, user=null) 
2025-07-22 16:42:26,345 INFO (ControllerOperatorAspect.java:34)- Entering controller=ControllerLog(classMethod=com.weiyan.atp.app.controller.UserController.attrHistory, ip=0:0:0:0:0:0:0:1, args=[u2], url=http://localhost:8080/abe/user/attr/history, result=null, startTime=1753173746345, endTime=0, spendTime=0, httpMethod=POST, user=null) 
2025-07-22 16:42:26,346 INFO (ControllerOperatorAspect.java:34)- Entering controller=ControllerLog(classMethod=com.weiyan.atp.app.controller.UserController.queryAttrApply, ip=0:0:0:0:0:0:0:1, args=[u2, 0, null, ALL], url=http://localhost:8080/abe/user/attr/apply, result=null, startTime=1753173746346, endTime=0, spendTime=0, httpMethod=GET, user=null) 
2025-07-22 16:42:26,514 INFO (ControllerOperatorAspect.java:45)- Returning from controller=ControllerLog(classMethod=com.weiyan.atp.app.controller.UserController.queryAttrApply, ip=0:0:0:0:0:0:0:1, args=[u2, 0, null, ALL], url=http://localhost:8080/abe/user/attr/apply, result=Result(code=200, message=null, data=[]), startTime=1753173746346, endTime=1753173746514, spendTime=168, httpMethod=GET, user=null) 
2025-07-22 16:42:26,515 INFO (ControllerOperatorAspect.java:45)- Returning from controller=ControllerLog(classMethod=com.weiyan.atp.app.controller.UserController.attrHistory, ip=0:0:0:0:0:0:0:1, args=[u2], url=http://localhost:8080/abe/user/attr/history, result=Result(code=200, message=null, data=[]), startTime=1753173746345, endTime=1753173746515, spendTime=170, httpMethod=POST, user=null) 
2025-07-22 16:45:06,196 INFO (ControllerOperatorAspect.java:34)- Entering controller=ControllerLog(classMethod=com.weiyan.atp.app.controller.ContentController.queryContents, ip=0:0:0:0:0:0:0:1, args=[u2, , 10, ], url=http://localhost:8080/abe/content/list, result=null, startTime=1753173906196, endTime=0, spendTime=0, httpMethod=GET, user=null) 
2025-07-22 16:45:06,285 INFO (ControllerOperatorAspect.java:45)- Returning from controller=ControllerLog(classMethod=com.weiyan.atp.app.controller.ContentController.queryContents, ip=0:0:0:0:0:0:0:1, args=[u2, , 10, ], url=http://localhost:8080/abe/content/list, result=Result(code=200, message=null, data=PlatContentsResponse(contents=[], bookmark=nil, pageSize=10, count=0)), startTime=1753173906196, endTime=1753173906285, spendTime=89, httpMethod=GET, user=null) 
2025-07-22 16:45:16,112 INFO (ControllerOperatorAspect.java:34)- Entering controller=ControllerLog(classMethod=com.weiyan.atp.app.controller.DABEController.declareAttr, ip=0:0:0:0:0:0:0:1, args=[u2, u2:a1], url=http://localhost:8080/abe/dabe/user/attr, result=null, startTime=1753173916112, endTime=0, spendTime=0, httpMethod=POST, user=null) 
2025-07-22 16:45:16,353 INFO (DatabaseDABEServiceImpl.java:180)- 属性声明成功: u2 - u2:a1
2025-07-22 16:45:16,354 INFO (ControllerOperatorAspect.java:45)- Returning from controller=ControllerLog(classMethod=com.weiyan.atp.app.controller.DABEController.declareAttr, ip=0:0:0:0:0:0:0:1, args=[u2, u2:a1], url=http://localhost:8080/abe/dabe/user/attr, result=Result(code=200, message=null, data=DABEUser(apkMap={u2:a1=DABEUser.APK(gy=[3711405016579673998920187934120551992684221931436708790276507491018204457789410119660526101570982638961359383305762601, 2849740830097328657763725155964226047059586864708551161511450013907629040626462126094748271545965459779166175858330912])}, askMap={u2:a1=DABEUser.ASK(y=1170470243385345595392941882044097988645905302464073794132511944076331205407016720116091923081171273661849271139338)}, eggAlpha=[518408508949828244036805377315677308829468683736526481378018073194946313926453250553376554446190685481265170062231290, 4872673767387353272499530066392262008525008354710508873009177567045820818143167610515988809119865059319307561553564152], alpha=2798034349413018788545470294659116570402242999231123568651816138185453508884310748043743048355884753184601271415489, gAlpha=[517534224993042805884612797149133397770093031985706899250556185961354712584494865787570809632518209783901087255789459, 6496571495760191031544309746054887553950672124211599993806509851484595356039389162357190818110463413936277858799150356], name=u2, opkMap={}, oskMap={}, appliedAttrMap={}, privacyAttrMap={}, password=698d51a19d8a121ce581499d7b701668, userType=user, channel=default)), startTime=1753173916112, endTime=1753173916354, spendTime=242, httpMethod=POST, user=null) 
2025-07-22 16:45:16,423 INFO (ControllerOperatorAspect.java:34)- Entering controller=ControllerLog(classMethod=com.weiyan.atp.app.controller.UserController.declareAttr, ip=0:0:0:0:0:0:0:1, args=[DeclareUserAttrRequest(attrName=u2:a1, fileName=u2)], url=http://localhost:8080/abe/user/attr, result=null, startTime=1753173916423, endTime=0, spendTime=0, httpMethod=POST, user=null) 
2025-07-22 16:45:18,687 INFO (ControllerOperatorAspect.java:45)- Returning from controller=ControllerLog(classMethod=com.weiyan.atp.app.controller.UserController.declareAttr, ip=0:0:0:0:0:0:0:1, args=[DeclareUserAttrRequest(attrName=u2:a1, fileName=u2)], url=http://localhost:8080/abe/user/attr, result=Result(code=200, message=null, data=), startTime=1753173916423, endTime=1753173918687, spendTime=2264, httpMethod=POST, user=null) 
2025-07-22 16:45:21,792 INFO (ControllerOperatorAspect.java:34)- Entering controller=ControllerLog(classMethod=com.weiyan.atp.app.controller.DABEController.declareAttr, ip=0:0:0:0:0:0:0:1, args=[u2, u2:a2], url=http://localhost:8080/abe/dabe/user/attr, result=null, startTime=1753173921792, endTime=0, spendTime=0, httpMethod=POST, user=null) 
2025-07-22 16:45:21,882 INFO (DatabaseDABEServiceImpl.java:180)- 属性声明成功: u2 - u2:a2
2025-07-22 16:45:21,884 INFO (ControllerOperatorAspect.java:45)- Returning from controller=ControllerLog(classMethod=com.weiyan.atp.app.controller.DABEController.declareAttr, ip=0:0:0:0:0:0:0:1, args=[u2, u2:a2], url=http://localhost:8080/abe/dabe/user/attr, result=Result(code=200, message=null, data=DABEUser(apkMap={u2:a1=DABEUser.APK(gy=[3711405016579673998920187934120551992684221931436708790276507491018204457789410119660526101570982638961359383305762601, 2849740830097328657763725155964226047059586864708551161511450013907629040626462126094748271545965459779166175858330912]), u2:a2=DABEUser.APK(gy=[3012364593215125819037088362917438212713717863081383184874258124935265298573264893775909772882444052529072029092998811, 4854162504598210905800889515187377177854152807949973345601411898749916100191846460602729397874225299880254080466214053])}, askMap={u2:a1=DABEUser.ASK(y=1170470243385345595392941882044097988645905302464073794132511944076331205407016720116091923081171273661849271139338), u2:a2=DABEUser.ASK(y=3494640528891450641989317570968619182771944113063695002966118690904154184887651582554287826894587456079891149917782)}, eggAlpha=[518408508949828244036805377315677308829468683736526481378018073194946313926453250553376554446190685481265170062231290, 4872673767387353272499530066392262008525008354710508873009177567045820818143167610515988809119865059319307561553564152], alpha=2798034349413018788545470294659116570402242999231123568651816138185453508884310748043743048355884753184601271415489, gAlpha=[517534224993042805884612797149133397770093031985706899250556185961354712584494865787570809632518209783901087255789459, 6496571495760191031544309746054887553950672124211599993806509851484595356039389162357190818110463413936277858799150356], name=u2, opkMap={}, oskMap={}, appliedAttrMap={}, privacyAttrMap={}, password=698d51a19d8a121ce581499d7b701668, userType=user, channel=default)), startTime=1753173921792, endTime=1753173921884, spendTime=92, httpMethod=POST, user=null) 
2025-07-22 16:45:21,896 INFO (ControllerOperatorAspect.java:34)- Entering controller=ControllerLog(classMethod=com.weiyan.atp.app.controller.UserController.declareAttr, ip=0:0:0:0:0:0:0:1, args=[DeclareUserAttrRequest(attrName=u2:a2, fileName=u2)], url=http://localhost:8080/abe/user/attr, result=null, startTime=1753173921896, endTime=0, spendTime=0, httpMethod=POST, user=null) 
2025-07-22 16:45:24,006 INFO (ControllerOperatorAspect.java:45)- Returning from controller=ControllerLog(classMethod=com.weiyan.atp.app.controller.UserController.declareAttr, ip=0:0:0:0:0:0:0:1, args=[DeclareUserAttrRequest(attrName=u2:a2, fileName=u2)], url=http://localhost:8080/abe/user/attr, result=Result(code=200, message=null, data=), startTime=1753173921896, endTime=1753173924006, spendTime=2110, httpMethod=POST, user=null) 
2025-07-22 16:45:24,829 INFO (ControllerOperatorAspect.java:34)- Entering controller=ControllerLog(classMethod=com.weiyan.atp.app.controller.UserController.syncSuccessApply, ip=0:0:0:0:0:0:0:1, args=[SyncAttrRequest(fileName=u2, toId=null, type=null)], url=http://localhost:8080/abe/user/attr/sync, result=null, startTime=1753173924829, endTime=0, spendTime=0, httpMethod=POST, user=null) 
2025-07-22 16:45:24,935 INFO (ControllerOperatorAspect.java:45)- Returning from controller=ControllerLog(classMethod=com.weiyan.atp.app.controller.UserController.syncSuccessApply, ip=0:0:0:0:0:0:0:1, args=[SyncAttrRequest(fileName=u2, toId=null, type=null)], url=http://localhost:8080/abe/user/attr/sync, result=Result(code=200, message=null, data=DABEUser(apkMap={u2:a1=DABEUser.APK(gy=[3711405016579673998920187934120551992684221931436708790276507491018204457789410119660526101570982638961359383305762601, 2849740830097328657763725155964226047059586864708551161511450013907629040626462126094748271545965459779166175858330912]), u2:a2=DABEUser.APK(gy=[3012364593215125819037088362917438212713717863081383184874258124935265298573264893775909772882444052529072029092998811, 4854162504598210905800889515187377177854152807949973345601411898749916100191846460602729397874225299880254080466214053])}, askMap={u2:a1=DABEUser.ASK(y=1170470243385345595392941882044097988645905302464073794132511944076331205407016720116091923081171273661849271139338), u2:a2=DABEUser.ASK(y=3494640528891450641989317570968619182771944113063695002966118690904154184887651582554287826894587456079891149917782)}, eggAlpha=[518408508949828244036805377315677308829468683736526481378018073194946313926453250553376554446190685481265170062231290, 4872673767387353272499530066392262008525008354710508873009177567045820818143167610515988809119865059319307561553564152], alpha=2798034349413018788545470294659116570402242999231123568651816138185453508884310748043743048355884753184601271415489, gAlpha=[517534224993042805884612797149133397770093031985706899250556185961354712584494865787570809632518209783901087255789459, 6496571495760191031544309746054887553950672124211599993806509851484595356039389162357190818110463413936277858799150356], name=u2, opkMap={}, oskMap={}, appliedAttrMap={}, privacyAttrMap={}, password=698d51a19d8a121ce581499d7b701668, userType=user, channel=default)), startTime=1753173924829, endTime=1753173924934, spendTime=105, httpMethod=POST, user=null) 
2025-07-22 16:45:36,120 INFO (ControllerOperatorAspect.java:34)- Entering controller=ControllerLog(classMethod=com.weiyan.atp.app.controller.UserController.applyAttr, ip=0:0:0:0:0:0:0:1, args=[ApplyUserAttrRequest{fileName='u2', toUserName='u2', toOrgName='', isPublic=true, attrName='u2:a1', remark=''}], url=http://localhost:8080/abe/user/attr/apply, result=null, startTime=1753173936120, endTime=0, spendTime=0, httpMethod=POST, user=null) 
2025-07-22 16:45:38,746 INFO (ControllerOperatorAspect.java:45)- Returning from controller=ControllerLog(classMethod=com.weiyan.atp.app.controller.UserController.applyAttr, ip=0:0:0:0:0:0:0:1, args=[ApplyUserAttrRequest{fileName='u2', toUserName='u2', toOrgName='', isPublic=true, attrName='u2:a1', remark=''}], url=http://localhost:8080/abe/user/attr/apply, result=Result(code=200, message=null, data=Result(code=200, message=null, data=)), startTime=1753173936120, endTime=1753173938746, spendTime=2626, httpMethod=POST, user=null) 
2025-07-22 16:45:41,276 INFO (ControllerOperatorAspect.java:34)- Entering controller=ControllerLog(classMethod=com.weiyan.atp.app.controller.UserController.syncSuccessApply, ip=0:0:0:0:0:0:0:1, args=[SyncAttrRequest(fileName=u2, toId=null, type=null)], url=http://localhost:8080/abe/user/attr/sync, result=null, startTime=1753173941276, endTime=0, spendTime=0, httpMethod=POST, user=null) 
2025-07-22 16:45:41,328 INFO (ControllerOperatorAspect.java:45)- Returning from controller=ControllerLog(classMethod=com.weiyan.atp.app.controller.UserController.syncSuccessApply, ip=0:0:0:0:0:0:0:1, args=[SyncAttrRequest(fileName=u2, toId=null, type=null)], url=http://localhost:8080/abe/user/attr/sync, result=Result(code=200, message=null, data=DABEUser(apkMap={u2:a1=DABEUser.APK(gy=[3711405016579673998920187934120551992684221931436708790276507491018204457789410119660526101570982638961359383305762601, 2849740830097328657763725155964226047059586864708551161511450013907629040626462126094748271545965459779166175858330912]), u2:a2=DABEUser.APK(gy=[3012364593215125819037088362917438212713717863081383184874258124935265298573264893775909772882444052529072029092998811, 4854162504598210905800889515187377177854152807949973345601411898749916100191846460602729397874225299880254080466214053])}, askMap={u2:a1=DABEUser.ASK(y=1170470243385345595392941882044097988645905302464073794132511944076331205407016720116091923081171273661849271139338), u2:a2=DABEUser.ASK(y=3494640528891450641989317570968619182771944113063695002966118690904154184887651582554287826894587456079891149917782)}, eggAlpha=[518408508949828244036805377315677308829468683736526481378018073194946313926453250553376554446190685481265170062231290, 4872673767387353272499530066392262008525008354710508873009177567045820818143167610515988809119865059319307561553564152], alpha=2798034349413018788545470294659116570402242999231123568651816138185453508884310748043743048355884753184601271415489, gAlpha=[517534224993042805884612797149133397770093031985706899250556185961354712584494865787570809632518209783901087255789459, 6496571495760191031544309746054887553950672124211599993806509851484595356039389162357190818110463413936277858799150356], name=u2, opkMap={}, oskMap={}, appliedAttrMap={}, privacyAttrMap={}, password=698d51a19d8a121ce581499d7b701668, userType=user, channel=default)), startTime=1753173941276, endTime=1753173941328, spendTime=52, httpMethod=POST, user=null) 
2025-07-22 16:45:57,203 INFO (ControllerOperatorAspect.java:34)- Entering controller=ControllerLog(classMethod=com.weiyan.atp.app.controller.ContentController.queryContents, ip=0:0:0:0:0:0:0:1, args=[, , 10, ], url=http://localhost:8080/abe/content/list, result=null, startTime=1753173957203, endTime=0, spendTime=0, httpMethod=GET, user=null) 
2025-07-22 16:45:57,249 INFO (ControllerOperatorAspect.java:45)- Returning from controller=ControllerLog(classMethod=com.weiyan.atp.app.controller.ContentController.queryContents, ip=0:0:0:0:0:0:0:1, args=[, , 10, ], url=http://localhost:8080/abe/content/list, result=Result(code=200, message=null, data=PlatContentsResponse(contents=[], bookmark=nil, pageSize=10, count=0)), startTime=1753173957203, endTime=1753173957249, spendTime=46, httpMethod=GET, user=null) 
2025-07-22 16:45:58,201 INFO (ControllerOperatorAspect.java:34)- Entering controller=ControllerLog(classMethod=com.weiyan.atp.app.controller.UserController.queryAttrApply, ip=0:0:0:0:0:0:0:1, args=[u2, 0, null, ALL], url=http://localhost:8080/abe/user/attr/apply, result=null, startTime=1753173958201, endTime=0, spendTime=0, httpMethod=GET, user=null) 
2025-07-22 16:45:58,201 INFO (ControllerOperatorAspect.java:34)- Entering controller=ControllerLog(classMethod=com.weiyan.atp.app.controller.UserController.attrHistory, ip=0:0:0:0:0:0:0:1, args=[u2], url=http://localhost:8080/abe/user/attr/history, result=null, startTime=1753173958201, endTime=0, spendTime=0, httpMethod=POST, user=null) 
2025-07-22 16:45:58,249 INFO (ControllerOperatorAspect.java:45)- Returning from controller=ControllerLog(classMethod=com.weiyan.atp.app.controller.UserController.attrHistory, ip=0:0:0:0:0:0:0:1, args=[u2], url=http://localhost:8080/abe/user/attr/history, result=Result(code=200, message=null, data=[]), startTime=1753173958201, endTime=1753173958249, spendTime=48, httpMethod=POST, user=null) 
2025-07-22 16:45:58,250 INFO (ControllerOperatorAspect.java:45)- Returning from controller=ControllerLog(classMethod=com.weiyan.atp.app.controller.UserController.queryAttrApply, ip=0:0:0:0:0:0:0:1, args=[u2, 0, null, ALL], url=http://localhost:8080/abe/user/attr/apply, result=Result(code=200, message=null, data=[PlatUserAttrApply(fromUid=u2, toUid=u2, toOrgId=, isPublic=true, attrName=u2:a1, remark=, n=1, t=1, applyType=TO_USER, status=PENDING, approvalMap={u2=null})]), startTime=1753173958201, endTime=1753173958250, spendTime=49, httpMethod=GET, user=null) 
2025-07-22 16:46:05,933 INFO (ControllerOperatorAspect.java:34)- Entering controller=ControllerLog(classMethod=com.weiyan.atp.app.controller.UserController.revokeAttr, ip=0:0:0:0:0:0:0:1, args=[RevokeUserAttrRequest(userName=u2, toUserName=u2, attrName=u2:a1, remark=null)], url=http://localhost:8080/abe/user/attr/revoke, result=null, startTime=1753173965933, endTime=0, spendTime=0, httpMethod=POST, user=null) 
2025-07-22 16:46:05,982 WARN (ControllerOperatorAspect.java:56)- Throwing from controller=ControllerLog(classMethod=com.weiyan.atp.app.controller.UserController.revokeAttr, ip=0:0:0:0:0:0:0:1, args=[RevokeUserAttrRequest(userName=u2, toUserName=u2, attrName=u2:a1, remark=null)], url=http://localhost:8080/abe/user/attr/revoke, result=null, startTime=1753173965933, endTime=1753173965972, spendTime=39, httpMethod=POST, user=null) 
java.lang.NullPointerException: no attr
	at com.google.common.base.Preconditions.checkNotNull(Preconditions.java:895)
	at com.weiyan.atp.service.impl.AttrServiceImpl.revokeAttr(AttrServiceImpl.java:235)
	at com.weiyan.atp.app.controller.UserController.revokeAttr(UserController.java:357)
	at com.weiyan.atp.app.controller.UserController$$FastClassBySpringCGLIB$$fb4d0725.invoke(<generated>)
	at org.springframework.cglib.proxy.MethodProxy.invoke(MethodProxy.java:218)
	at org.springframework.aop.framework.CglibAopProxy$CglibMethodInvocation.invokeJoinpoint(CglibAopProxy.java:769)
	at org.springframework.aop.framework.ReflectiveMethodInvocation.proceed(ReflectiveMethodInvocation.java:163)
	at org.springframework.aop.framework.CglibAopProxy$CglibMethodInvocation.proceed(CglibAopProxy.java:747)
	at org.springframework.aop.framework.adapter.MethodBeforeAdviceInterceptor.invoke(MethodBeforeAdviceInterceptor.java:56)
	at org.springframework.aop.framework.ReflectiveMethodInvocation.proceed(ReflectiveMethodInvocation.java:186)
	at org.springframework.aop.framework.CglibAopProxy$CglibMethodInvocation.proceed(CglibAopProxy.java:747)
	at org.springframework.aop.framework.adapter.AfterReturningAdviceInterceptor.invoke(AfterReturningAdviceInterceptor.java:55)
	at org.springframework.aop.framework.ReflectiveMethodInvocation.proceed(ReflectiveMethodInvocation.java:186)
	at org.springframework.aop.framework.CglibAopProxy$CglibMethodInvocation.proceed(CglibAopProxy.java:747)
	at org.springframework.aop.aspectj.AspectJAfterThrowingAdvice.invoke(AspectJAfterThrowingAdvice.java:62)
	at org.springframework.aop.framework.ReflectiveMethodInvocation.proceed(ReflectiveMethodInvocation.java:186)
	at org.springframework.aop.framework.CglibAopProxy$CglibMethodInvocation.proceed(CglibAopProxy.java:747)
	at org.springframework.aop.interceptor.ExposeInvocationInterceptor.invoke(ExposeInvocationInterceptor.java:95)
	at org.springframework.aop.framework.ReflectiveMethodInvocation.proceed(ReflectiveMethodInvocation.java:186)
	at org.springframework.aop.framework.CglibAopProxy$CglibMethodInvocation.proceed(CglibAopProxy.java:747)
	at org.springframework.aop.framework.CglibAopProxy$DynamicAdvisedInterceptor.intercept(CglibAopProxy.java:689)
	at com.weiyan.atp.app.controller.UserController$$EnhancerBySpringCGLIB$$75d6671.revokeAttr(<generated>)
	at sun.reflect.NativeMethodAccessorImpl.invoke0(Native Method)
	at sun.reflect.NativeMethodAccessorImpl.invoke(NativeMethodAccessorImpl.java:62)
	at sun.reflect.DelegatingMethodAccessorImpl.invoke(DelegatingMethodAccessorImpl.java:43)
	at java.lang.reflect.Method.invoke(Method.java:498)
	at org.springframework.web.method.support.InvocableHandlerMethod.doInvoke(InvocableHandlerMethod.java:190)
	at org.springframework.web.method.support.InvocableHandlerMethod.invokeForRequest(InvocableHandlerMethod.java:138)
	at org.springframework.web.servlet.mvc.method.annotation.ServletInvocableHandlerMethod.invokeAndHandle(ServletInvocableHandlerMethod.java:106)
	at org.springframework.web.servlet.mvc.method.annotation.RequestMappingHandlerAdapter.invokeHandlerMethod(RequestMappingHandlerAdapter.java:888)
	at org.springframework.web.servlet.mvc.method.annotation.RequestMappingHandlerAdapter.handleInternal(RequestMappingHandlerAdapter.java:793)
	at org.springframework.web.servlet.mvc.method.AbstractHandlerMethodAdapter.handle(AbstractHandlerMethodAdapter.java:87)
	at org.springframework.web.servlet.DispatcherServlet.doDispatch(DispatcherServlet.java:1040)
	at org.springframework.web.servlet.DispatcherServlet.doService(DispatcherServlet.java:943)
	at org.springframework.web.servlet.FrameworkServlet.processRequest(FrameworkServlet.java:1006)
	at org.springframework.web.servlet.FrameworkServlet.doPost(FrameworkServlet.java:909)
	at javax.servlet.http.HttpServlet.service(HttpServlet.java:660)
	at org.springframework.web.servlet.FrameworkServlet.service(FrameworkServlet.java:883)
	at javax.servlet.http.HttpServlet.service(HttpServlet.java:741)
	at org.apache.catalina.core.ApplicationFilterChain.internalDoFilter(ApplicationFilterChain.java:231)
	at org.apache.catalina.core.ApplicationFilterChain.doFilter(ApplicationFilterChain.java:166)
	at org.apache.tomcat.websocket.server.WsFilter.doFilter(WsFilter.java:53)
	at org.apache.catalina.core.ApplicationFilterChain.internalDoFilter(ApplicationFilterChain.java:193)
	at org.apache.catalina.core.ApplicationFilterChain.doFilter(ApplicationFilterChain.java:166)
	at org.springframework.web.filter.RequestContextFilter.doFilterInternal(RequestContextFilter.java:100)
	at org.springframework.web.filter.OncePerRequestFilter.doFilter(OncePerRequestFilter.java:119)
	at org.apache.catalina.core.ApplicationFilterChain.internalDoFilter(ApplicationFilterChain.java:193)
	at org.apache.catalina.core.ApplicationFilterChain.doFilter(ApplicationFilterChain.java:166)
	at org.springframework.web.filter.FormContentFilter.doFilterInternal(FormContentFilter.java:93)
	at org.springframework.web.filter.OncePerRequestFilter.doFilter(OncePerRequestFilter.java:119)
	at org.apache.catalina.core.ApplicationFilterChain.internalDoFilter(ApplicationFilterChain.java:193)
	at org.apache.catalina.core.ApplicationFilterChain.doFilter(ApplicationFilterChain.java:166)
	at org.springframework.web.filter.CharacterEncodingFilter.doFilterInternal(CharacterEncodingFilter.java:201)
	at org.springframework.web.filter.OncePerRequestFilter.doFilter(OncePerRequestFilter.java:119)
	at org.apache.catalina.core.ApplicationFilterChain.internalDoFilter(ApplicationFilterChain.java:193)
	at org.apache.catalina.core.ApplicationFilterChain.doFilter(ApplicationFilterChain.java:166)
	at org.apache.catalina.core.StandardWrapperValve.invoke(StandardWrapperValve.java:202)
	at org.apache.catalina.core.StandardContextValve.invoke(StandardContextValve.java:96)
	at org.apache.catalina.authenticator.AuthenticatorBase.invoke(AuthenticatorBase.java:541)
	at org.apache.catalina.core.StandardHostValve.invoke(StandardHostValve.java:139)
	at org.apache.catalina.valves.ErrorReportValve.invoke(ErrorReportValve.java:92)
	at org.apache.catalina.core.StandardEngineValve.invoke(StandardEngineValve.java:74)
	at org.apache.catalina.connector.CoyoteAdapter.service(CoyoteAdapter.java:343)
	at org.apache.coyote.http11.Http11Processor.service(Http11Processor.java:367)
	at org.apache.coyote.AbstractProcessorLight.process(AbstractProcessorLight.java:65)
	at org.apache.coyote.AbstractProtocol$ConnectionHandler.process(AbstractProtocol.java:860)
	at org.apache.tomcat.util.net.NioEndpoint$SocketProcessor.doRun(NioEndpoint.java:1598)
	at org.apache.tomcat.util.net.SocketProcessorBase.run(SocketProcessorBase.java:49)
	at java.util.concurrent.ThreadPoolExecutor.runWorker(ThreadPoolExecutor.java:1149)
	at java.util.concurrent.ThreadPoolExecutor$Worker.run(ThreadPoolExecutor.java:624)
	at org.apache.tomcat.util.threads.TaskThread$WrappingRunnable.run(TaskThread.java:61)
	at java.lang.Thread.run(Thread.java:750)
2025-07-22 16:46:05,989 INFO (ControllerOperatorAspect.java:34)- Entering controller=ControllerLog(classMethod=com.weiyan.atp.app.controller.ControllerExceptionHandler.handleNullPointerException, ip=0:0:0:0:0:0:0:1, args=[java.lang.NullPointerException: no attr], url=http://localhost:8080/abe/user/attr/revoke, result=null, startTime=1753173965989, endTime=0, spendTime=0, httpMethod=POST, user=null) 
2025-07-22 16:46:05,995 WARN (ControllerExceptionHandler.java:47)- NullPointerException
java.lang.NullPointerException: no attr
	at com.google.common.base.Preconditions.checkNotNull(Preconditions.java:895)
	at com.weiyan.atp.service.impl.AttrServiceImpl.revokeAttr(AttrServiceImpl.java:235)
	at com.weiyan.atp.app.controller.UserController.revokeAttr(UserController.java:357)
	at com.weiyan.atp.app.controller.UserController$$FastClassBySpringCGLIB$$fb4d0725.invoke(<generated>)
	at org.springframework.cglib.proxy.MethodProxy.invoke(MethodProxy.java:218)
	at org.springframework.aop.framework.CglibAopProxy$CglibMethodInvocation.invokeJoinpoint(CglibAopProxy.java:769)
	at org.springframework.aop.framework.ReflectiveMethodInvocation.proceed(ReflectiveMethodInvocation.java:163)
	at org.springframework.aop.framework.CglibAopProxy$CglibMethodInvocation.proceed(CglibAopProxy.java:747)
	at org.springframework.aop.framework.adapter.MethodBeforeAdviceInterceptor.invoke(MethodBeforeAdviceInterceptor.java:56)
	at org.springframework.aop.framework.ReflectiveMethodInvocation.proceed(ReflectiveMethodInvocation.java:186)
	at org.springframework.aop.framework.CglibAopProxy$CglibMethodInvocation.proceed(CglibAopProxy.java:747)
	at org.springframework.aop.framework.adapter.AfterReturningAdviceInterceptor.invoke(AfterReturningAdviceInterceptor.java:55)
	at org.springframework.aop.framework.ReflectiveMethodInvocation.proceed(ReflectiveMethodInvocation.java:186)
	at org.springframework.aop.framework.CglibAopProxy$CglibMethodInvocation.proceed(CglibAopProxy.java:747)
	at org.springframework.aop.aspectj.AspectJAfterThrowingAdvice.invoke(AspectJAfterThrowingAdvice.java:62)
	at org.springframework.aop.framework.ReflectiveMethodInvocation.proceed(ReflectiveMethodInvocation.java:186)
	at org.springframework.aop.framework.CglibAopProxy$CglibMethodInvocation.proceed(CglibAopProxy.java:747)
	at org.springframework.aop.interceptor.ExposeInvocationInterceptor.invoke(ExposeInvocationInterceptor.java:95)
	at org.springframework.aop.framework.ReflectiveMethodInvocation.proceed(ReflectiveMethodInvocation.java:186)
	at org.springframework.aop.framework.CglibAopProxy$CglibMethodInvocation.proceed(CglibAopProxy.java:747)
	at org.springframework.aop.framework.CglibAopProxy$DynamicAdvisedInterceptor.intercept(CglibAopProxy.java:689)
	at com.weiyan.atp.app.controller.UserController$$EnhancerBySpringCGLIB$$75d6671.revokeAttr(<generated>)
	at sun.reflect.NativeMethodAccessorImpl.invoke0(Native Method)
	at sun.reflect.NativeMethodAccessorImpl.invoke(NativeMethodAccessorImpl.java:62)
	at sun.reflect.DelegatingMethodAccessorImpl.invoke(DelegatingMethodAccessorImpl.java:43)
	at java.lang.reflect.Method.invoke(Method.java:498)
	at org.springframework.web.method.support.InvocableHandlerMethod.doInvoke(InvocableHandlerMethod.java:190)
	at org.springframework.web.method.support.InvocableHandlerMethod.invokeForRequest(InvocableHandlerMethod.java:138)
	at org.springframework.web.servlet.mvc.method.annotation.ServletInvocableHandlerMethod.invokeAndHandle(ServletInvocableHandlerMethod.java:106)
	at org.springframework.web.servlet.mvc.method.annotation.RequestMappingHandlerAdapter.invokeHandlerMethod(RequestMappingHandlerAdapter.java:888)
	at org.springframework.web.servlet.mvc.method.annotation.RequestMappingHandlerAdapter.handleInternal(RequestMappingHandlerAdapter.java:793)
	at org.springframework.web.servlet.mvc.method.AbstractHandlerMethodAdapter.handle(AbstractHandlerMethodAdapter.java:87)
	at org.springframework.web.servlet.DispatcherServlet.doDispatch(DispatcherServlet.java:1040)
	at org.springframework.web.servlet.DispatcherServlet.doService(DispatcherServlet.java:943)
	at org.springframework.web.servlet.FrameworkServlet.processRequest(FrameworkServlet.java:1006)
	at org.springframework.web.servlet.FrameworkServlet.doPost(FrameworkServlet.java:909)
	at javax.servlet.http.HttpServlet.service(HttpServlet.java:660)
	at org.springframework.web.servlet.FrameworkServlet.service(FrameworkServlet.java:883)
	at javax.servlet.http.HttpServlet.service(HttpServlet.java:741)
	at org.apache.catalina.core.ApplicationFilterChain.internalDoFilter(ApplicationFilterChain.java:231)
	at org.apache.catalina.core.ApplicationFilterChain.doFilter(ApplicationFilterChain.java:166)
	at org.apache.tomcat.websocket.server.WsFilter.doFilter(WsFilter.java:53)
	at org.apache.catalina.core.ApplicationFilterChain.internalDoFilter(ApplicationFilterChain.java:193)
	at org.apache.catalina.core.ApplicationFilterChain.doFilter(ApplicationFilterChain.java:166)
	at org.springframework.web.filter.RequestContextFilter.doFilterInternal(RequestContextFilter.java:100)
	at org.springframework.web.filter.OncePerRequestFilter.doFilter(OncePerRequestFilter.java:119)
	at org.apache.catalina.core.ApplicationFilterChain.internalDoFilter(ApplicationFilterChain.java:193)
	at org.apache.catalina.core.ApplicationFilterChain.doFilter(ApplicationFilterChain.java:166)
	at org.springframework.web.filter.FormContentFilter.doFilterInternal(FormContentFilter.java:93)
	at org.springframework.web.filter.OncePerRequestFilter.doFilter(OncePerRequestFilter.java:119)
	at org.apache.catalina.core.ApplicationFilterChain.internalDoFilter(ApplicationFilterChain.java:193)
	at org.apache.catalina.core.ApplicationFilterChain.doFilter(ApplicationFilterChain.java:166)
	at org.springframework.web.filter.CharacterEncodingFilter.doFilterInternal(CharacterEncodingFilter.java:201)
	at org.springframework.web.filter.OncePerRequestFilter.doFilter(OncePerRequestFilter.java:119)
	at org.apache.catalina.core.ApplicationFilterChain.internalDoFilter(ApplicationFilterChain.java:193)
	at org.apache.catalina.core.ApplicationFilterChain.doFilter(ApplicationFilterChain.java:166)
	at org.apache.catalina.core.StandardWrapperValve.invoke(StandardWrapperValve.java:202)
	at org.apache.catalina.core.StandardContextValve.invoke(StandardContextValve.java:96)
	at org.apache.catalina.authenticator.AuthenticatorBase.invoke(AuthenticatorBase.java:541)
	at org.apache.catalina.core.StandardHostValve.invoke(StandardHostValve.java:139)
	at org.apache.catalina.valves.ErrorReportValve.invoke(ErrorReportValve.java:92)
	at org.apache.catalina.core.StandardEngineValve.invoke(StandardEngineValve.java:74)
	at org.apache.catalina.connector.CoyoteAdapter.service(CoyoteAdapter.java:343)
	at org.apache.coyote.http11.Http11Processor.service(Http11Processor.java:367)
	at org.apache.coyote.AbstractProcessorLight.process(AbstractProcessorLight.java:65)
	at org.apache.coyote.AbstractProtocol$ConnectionHandler.process(AbstractProtocol.java:860)
	at org.apache.tomcat.util.net.NioEndpoint$SocketProcessor.doRun(NioEndpoint.java:1598)
	at org.apache.tomcat.util.net.SocketProcessorBase.run(SocketProcessorBase.java:49)
	at java.util.concurrent.ThreadPoolExecutor.runWorker(ThreadPoolExecutor.java:1149)
	at java.util.concurrent.ThreadPoolExecutor$Worker.run(ThreadPoolExecutor.java:624)
	at org.apache.tomcat.util.threads.TaskThread$WrappingRunnable.run(TaskThread.java:61)
	at java.lang.Thread.run(Thread.java:750)
2025-07-22 16:46:05,998 INFO (ControllerOperatorAspect.java:45)- Returning from controller=ControllerLog(classMethod=com.weiyan.atp.app.controller.ControllerExceptionHandler.handleNullPointerException, ip=0:0:0:0:0:0:0:1, args=[java.lang.NullPointerException: no attr], url=http://localhost:8080/abe/user/attr/revoke, result=Result(code=500, message=no attr, data=null), startTime=1753173965989, endTime=1753173965998, spendTime=9, httpMethod=POST, user=null) 
2025-07-22 16:46:09,210 INFO (ControllerOperatorAspect.java:34)- Entering controller=ControllerLog(classMethod=com.weiyan.atp.app.controller.UserController.approveAttrApply, ip=0:0:0:0:0:0:0:1, args=[ApproveAttrApplyRequest(fileName=u2, toUserName=u2, attrName=u2:a1, remark=, agree=true)], url=http://localhost:8080/abe/user/attr/approval, result=null, startTime=1753173969210, endTime=0, spendTime=0, httpMethod=POST, user=null) 
2025-07-22 16:46:09,303 INFO (DatabaseDABEServiceImpl.java:208)- 属性申请审批完成: u2 -> u2 (u2:a1)
2025-07-22 16:46:11,478 INFO (ControllerOperatorAspect.java:45)- Returning from controller=ControllerLog(classMethod=com.weiyan.atp.app.controller.UserController.approveAttrApply, ip=0:0:0:0:0:0:0:1, args=[ApproveAttrApplyRequest(fileName=u2, toUserName=u2, attrName=u2:a1, remark=, agree=true)], url=http://localhost:8080/abe/user/attr/approval, result=Result(code=200, message=null, data=), startTime=1753173969210, endTime=1753173971478, spendTime=2268, httpMethod=POST, user=null) 
2025-07-22 16:46:14,411 INFO (ControllerOperatorAspect.java:34)- Entering controller=ControllerLog(classMethod=com.weiyan.atp.app.controller.ContentController.queryContents, ip=0:0:0:0:0:0:0:1, args=[u2, , 10, ], url=http://localhost:8080/abe/content/list, result=null, startTime=1753173974411, endTime=0, spendTime=0, httpMethod=GET, user=null) 
2025-07-22 16:46:14,447 INFO (ControllerOperatorAspect.java:45)- Returning from controller=ControllerLog(classMethod=com.weiyan.atp.app.controller.ContentController.queryContents, ip=0:0:0:0:0:0:0:1, args=[u2, , 10, ], url=http://localhost:8080/abe/content/list, result=Result(code=200, message=null, data=PlatContentsResponse(contents=[], bookmark=nil, pageSize=10, count=0)), startTime=1753173974411, endTime=1753173974447, spendTime=36, httpMethod=GET, user=null) 
2025-07-22 16:46:18,020 INFO (ControllerOperatorAspect.java:34)- Entering controller=ControllerLog(classMethod=com.weiyan.atp.app.controller.ContentController.queryContents, ip=0:0:0:0:0:0:0:1, args=[, , 10, ], url=http://localhost:8080/abe/content/list, result=null, startTime=1753173978020, endTime=0, spendTime=0, httpMethod=GET, user=null) 
2025-07-22 16:46:18,061 INFO (ControllerOperatorAspect.java:45)- Returning from controller=ControllerLog(classMethod=com.weiyan.atp.app.controller.ContentController.queryContents, ip=0:0:0:0:0:0:0:1, args=[, , 10, ], url=http://localhost:8080/abe/content/list, result=Result(code=200, message=null, data=PlatContentsResponse(contents=[], bookmark=nil, pageSize=10, count=0)), startTime=1753173978020, endTime=1753173978061, spendTime=41, httpMethod=GET, user=null) 
2025-07-22 16:46:18,647 INFO (ControllerOperatorAspect.java:34)- Entering controller=ControllerLog(classMethod=com.weiyan.atp.app.controller.UserController.attrHistory, ip=0:0:0:0:0:0:0:1, args=[u2], url=http://localhost:8080/abe/user/attr/history, result=null, startTime=1753173978647, endTime=0, spendTime=0, httpMethod=POST, user=null) 
2025-07-22 16:46:18,647 INFO (ControllerOperatorAspect.java:34)- Entering controller=ControllerLog(classMethod=com.weiyan.atp.app.controller.UserController.queryAttrApply, ip=0:0:0:0:0:0:0:1, args=[u2, 0, null, ALL], url=http://localhost:8080/abe/user/attr/apply, result=null, startTime=1753173978647, endTime=0, spendTime=0, httpMethod=GET, user=null) 
2025-07-22 16:46:18,684 INFO (ControllerOperatorAspect.java:45)- Returning from controller=ControllerLog(classMethod=com.weiyan.atp.app.controller.UserController.attrHistory, ip=0:0:0:0:0:0:0:1, args=[u2], url=http://localhost:8080/abe/user/attr/history, result=Result(code=200, message=null, data=[PlatUserAttrHistory(uid=u2, fromUid=u2, attrName=u2:a1, operation=agree, timeStamp=2025-07-22 16:46:08)]), startTime=1753173978647, endTime=1753173978684, spendTime=37, httpMethod=POST, user=null) 
2025-07-22 16:46:18,684 INFO (ControllerOperatorAspect.java:45)- Returning from controller=ControllerLog(classMethod=com.weiyan.atp.app.controller.UserController.queryAttrApply, ip=0:0:0:0:0:0:0:1, args=[u2, 0, null, ALL], url=http://localhost:8080/abe/user/attr/apply, result=Result(code=200, message=null, data=[PlatUserAttrApply(fromUid=u2, toUid=u2, toOrgId=, isPublic=true, attrName=u2:a1, remark=, n=1, t=1, applyType=TO_USER, status=SUCCESS, approvalMap={u2=PlatUserAttrApply.ApplyApproval(agree=true, secret=[1877866732652991031319008981453060489448439869214825474984232800611252579074478158732406616301207533206794254050216451, 1154169320373400491021635241401044231505787953754554780238801847165106514852576153826939220405407972525717657032646928], approveRemark=)})]), startTime=1753173978647, endTime=1753173978684, spendTime=37, httpMethod=GET, user=null) 
2025-07-22 16:46:36,521 INFO (ControllerOperatorAspect.java:34)- Entering controller=ControllerLog(classMethod=com.weiyan.atp.app.controller.UserController.revokeAttr, ip=0:0:0:0:0:0:0:1, args=[RevokeUserAttrRequest(userName=u2, toUserName=u2, attrName=u2:a1, remark=null)], url=http://localhost:8080/abe/user/attr/revoke, result=null, startTime=1753173996521, endTime=0, spendTime=0, httpMethod=POST, user=null) 
2025-07-22 16:46:36,563 WARN (ControllerOperatorAspect.java:56)- Throwing from controller=ControllerLog(classMethod=com.weiyan.atp.app.controller.UserController.revokeAttr, ip=0:0:0:0:0:0:0:1, args=[RevokeUserAttrRequest(userName=u2, toUserName=u2, attrName=u2:a1, remark=null)], url=http://localhost:8080/abe/user/attr/revoke, result=null, startTime=1753173996521, endTime=1753173996563, spendTime=42, httpMethod=POST, user=null) 
java.lang.NullPointerException: no attr
	at com.google.common.base.Preconditions.checkNotNull(Preconditions.java:895)
	at com.weiyan.atp.service.impl.AttrServiceImpl.revokeAttr(AttrServiceImpl.java:235)
	at com.weiyan.atp.app.controller.UserController.revokeAttr(UserController.java:357)
	at com.weiyan.atp.app.controller.UserController$$FastClassBySpringCGLIB$$fb4d0725.invoke(<generated>)
	at org.springframework.cglib.proxy.MethodProxy.invoke(MethodProxy.java:218)
	at org.springframework.aop.framework.CglibAopProxy$CglibMethodInvocation.invokeJoinpoint(CglibAopProxy.java:769)
	at org.springframework.aop.framework.ReflectiveMethodInvocation.proceed(ReflectiveMethodInvocation.java:163)
	at org.springframework.aop.framework.CglibAopProxy$CglibMethodInvocation.proceed(CglibAopProxy.java:747)
	at org.springframework.aop.framework.adapter.MethodBeforeAdviceInterceptor.invoke(MethodBeforeAdviceInterceptor.java:56)
	at org.springframework.aop.framework.ReflectiveMethodInvocation.proceed(ReflectiveMethodInvocation.java:186)
	at org.springframework.aop.framework.CglibAopProxy$CglibMethodInvocation.proceed(CglibAopProxy.java:747)
	at org.springframework.aop.framework.adapter.AfterReturningAdviceInterceptor.invoke(AfterReturningAdviceInterceptor.java:55)
	at org.springframework.aop.framework.ReflectiveMethodInvocation.proceed(ReflectiveMethodInvocation.java:186)
	at org.springframework.aop.framework.CglibAopProxy$CglibMethodInvocation.proceed(CglibAopProxy.java:747)
	at org.springframework.aop.aspectj.AspectJAfterThrowingAdvice.invoke(AspectJAfterThrowingAdvice.java:62)
	at org.springframework.aop.framework.ReflectiveMethodInvocation.proceed(ReflectiveMethodInvocation.java:186)
	at org.springframework.aop.framework.CglibAopProxy$CglibMethodInvocation.proceed(CglibAopProxy.java:747)
	at org.springframework.aop.interceptor.ExposeInvocationInterceptor.invoke(ExposeInvocationInterceptor.java:95)
	at org.springframework.aop.framework.ReflectiveMethodInvocation.proceed(ReflectiveMethodInvocation.java:186)
	at org.springframework.aop.framework.CglibAopProxy$CglibMethodInvocation.proceed(CglibAopProxy.java:747)
	at org.springframework.aop.framework.CglibAopProxy$DynamicAdvisedInterceptor.intercept(CglibAopProxy.java:689)
	at com.weiyan.atp.app.controller.UserController$$EnhancerBySpringCGLIB$$75d6671.revokeAttr(<generated>)
	at sun.reflect.NativeMethodAccessorImpl.invoke0(Native Method)
	at sun.reflect.NativeMethodAccessorImpl.invoke(NativeMethodAccessorImpl.java:62)
	at sun.reflect.DelegatingMethodAccessorImpl.invoke(DelegatingMethodAccessorImpl.java:43)
	at java.lang.reflect.Method.invoke(Method.java:498)
	at org.springframework.web.method.support.InvocableHandlerMethod.doInvoke(InvocableHandlerMethod.java:190)
	at org.springframework.web.method.support.InvocableHandlerMethod.invokeForRequest(InvocableHandlerMethod.java:138)
	at org.springframework.web.servlet.mvc.method.annotation.ServletInvocableHandlerMethod.invokeAndHandle(ServletInvocableHandlerMethod.java:106)
	at org.springframework.web.servlet.mvc.method.annotation.RequestMappingHandlerAdapter.invokeHandlerMethod(RequestMappingHandlerAdapter.java:888)
	at org.springframework.web.servlet.mvc.method.annotation.RequestMappingHandlerAdapter.handleInternal(RequestMappingHandlerAdapter.java:793)
	at org.springframework.web.servlet.mvc.method.AbstractHandlerMethodAdapter.handle(AbstractHandlerMethodAdapter.java:87)
	at org.springframework.web.servlet.DispatcherServlet.doDispatch(DispatcherServlet.java:1040)
	at org.springframework.web.servlet.DispatcherServlet.doService(DispatcherServlet.java:943)
	at org.springframework.web.servlet.FrameworkServlet.processRequest(FrameworkServlet.java:1006)
	at org.springframework.web.servlet.FrameworkServlet.doPost(FrameworkServlet.java:909)
	at javax.servlet.http.HttpServlet.service(HttpServlet.java:660)
	at org.springframework.web.servlet.FrameworkServlet.service(FrameworkServlet.java:883)
	at javax.servlet.http.HttpServlet.service(HttpServlet.java:741)
	at org.apache.catalina.core.ApplicationFilterChain.internalDoFilter(ApplicationFilterChain.java:231)
	at org.apache.catalina.core.ApplicationFilterChain.doFilter(ApplicationFilterChain.java:166)
	at org.apache.tomcat.websocket.server.WsFilter.doFilter(WsFilter.java:53)
	at org.apache.catalina.core.ApplicationFilterChain.internalDoFilter(ApplicationFilterChain.java:193)
	at org.apache.catalina.core.ApplicationFilterChain.doFilter(ApplicationFilterChain.java:166)
	at org.springframework.web.filter.RequestContextFilter.doFilterInternal(RequestContextFilter.java:100)
	at org.springframework.web.filter.OncePerRequestFilter.doFilter(OncePerRequestFilter.java:119)
	at org.apache.catalina.core.ApplicationFilterChain.internalDoFilter(ApplicationFilterChain.java:193)
	at org.apache.catalina.core.ApplicationFilterChain.doFilter(ApplicationFilterChain.java:166)
	at org.springframework.web.filter.FormContentFilter.doFilterInternal(FormContentFilter.java:93)
	at org.springframework.web.filter.OncePerRequestFilter.doFilter(OncePerRequestFilter.java:119)
	at org.apache.catalina.core.ApplicationFilterChain.internalDoFilter(ApplicationFilterChain.java:193)
	at org.apache.catalina.core.ApplicationFilterChain.doFilter(ApplicationFilterChain.java:166)
	at org.springframework.web.filter.CharacterEncodingFilter.doFilterInternal(CharacterEncodingFilter.java:201)
	at org.springframework.web.filter.OncePerRequestFilter.doFilter(OncePerRequestFilter.java:119)
	at org.apache.catalina.core.ApplicationFilterChain.internalDoFilter(ApplicationFilterChain.java:193)
	at org.apache.catalina.core.ApplicationFilterChain.doFilter(ApplicationFilterChain.java:166)
	at org.apache.catalina.core.StandardWrapperValve.invoke(StandardWrapperValve.java:202)
	at org.apache.catalina.core.StandardContextValve.invoke(StandardContextValve.java:96)
	at org.apache.catalina.authenticator.AuthenticatorBase.invoke(AuthenticatorBase.java:541)
	at org.apache.catalina.core.StandardHostValve.invoke(StandardHostValve.java:139)
	at org.apache.catalina.valves.ErrorReportValve.invoke(ErrorReportValve.java:92)
	at org.apache.catalina.core.StandardEngineValve.invoke(StandardEngineValve.java:74)
	at org.apache.catalina.connector.CoyoteAdapter.service(CoyoteAdapter.java:343)
	at org.apache.coyote.http11.Http11Processor.service(Http11Processor.java:367)
	at org.apache.coyote.AbstractProcessorLight.process(AbstractProcessorLight.java:65)
	at org.apache.coyote.AbstractProtocol$ConnectionHandler.process(AbstractProtocol.java:860)
	at org.apache.tomcat.util.net.NioEndpoint$SocketProcessor.doRun(NioEndpoint.java:1598)
	at org.apache.tomcat.util.net.SocketProcessorBase.run(SocketProcessorBase.java:49)
	at java.util.concurrent.ThreadPoolExecutor.runWorker(ThreadPoolExecutor.java:1149)
	at java.util.concurrent.ThreadPoolExecutor$Worker.run(ThreadPoolExecutor.java:624)
	at org.apache.tomcat.util.threads.TaskThread$WrappingRunnable.run(TaskThread.java:61)
	at java.lang.Thread.run(Thread.java:750)
2025-07-22 16:46:36,566 INFO (ControllerOperatorAspect.java:34)- Entering controller=ControllerLog(classMethod=com.weiyan.atp.app.controller.ControllerExceptionHandler.handleNullPointerException, ip=0:0:0:0:0:0:0:1, args=[java.lang.NullPointerException: no attr], url=http://localhost:8080/abe/user/attr/revoke, result=null, startTime=1753173996566, endTime=0, spendTime=0, httpMethod=POST, user=null) 
2025-07-22 16:46:36,566 WARN (ControllerExceptionHandler.java:47)- NullPointerException
java.lang.NullPointerException: no attr
	at com.google.common.base.Preconditions.checkNotNull(Preconditions.java:895)
	at com.weiyan.atp.service.impl.AttrServiceImpl.revokeAttr(AttrServiceImpl.java:235)
	at com.weiyan.atp.app.controller.UserController.revokeAttr(UserController.java:357)
	at com.weiyan.atp.app.controller.UserController$$FastClassBySpringCGLIB$$fb4d0725.invoke(<generated>)
	at org.springframework.cglib.proxy.MethodProxy.invoke(MethodProxy.java:218)
	at org.springframework.aop.framework.CglibAopProxy$CglibMethodInvocation.invokeJoinpoint(CglibAopProxy.java:769)
	at org.springframework.aop.framework.ReflectiveMethodInvocation.proceed(ReflectiveMethodInvocation.java:163)
	at org.springframework.aop.framework.CglibAopProxy$CglibMethodInvocation.proceed(CglibAopProxy.java:747)
	at org.springframework.aop.framework.adapter.MethodBeforeAdviceInterceptor.invoke(MethodBeforeAdviceInterceptor.java:56)
	at org.springframework.aop.framework.ReflectiveMethodInvocation.proceed(ReflectiveMethodInvocation.java:186)
	at org.springframework.aop.framework.CglibAopProxy$CglibMethodInvocation.proceed(CglibAopProxy.java:747)
	at org.springframework.aop.framework.adapter.AfterReturningAdviceInterceptor.invoke(AfterReturningAdviceInterceptor.java:55)
	at org.springframework.aop.framework.ReflectiveMethodInvocation.proceed(ReflectiveMethodInvocation.java:186)
	at org.springframework.aop.framework.CglibAopProxy$CglibMethodInvocation.proceed(CglibAopProxy.java:747)
	at org.springframework.aop.aspectj.AspectJAfterThrowingAdvice.invoke(AspectJAfterThrowingAdvice.java:62)
	at org.springframework.aop.framework.ReflectiveMethodInvocation.proceed(ReflectiveMethodInvocation.java:186)
	at org.springframework.aop.framework.CglibAopProxy$CglibMethodInvocation.proceed(CglibAopProxy.java:747)
	at org.springframework.aop.interceptor.ExposeInvocationInterceptor.invoke(ExposeInvocationInterceptor.java:95)
	at org.springframework.aop.framework.ReflectiveMethodInvocation.proceed(ReflectiveMethodInvocation.java:186)
	at org.springframework.aop.framework.CglibAopProxy$CglibMethodInvocation.proceed(CglibAopProxy.java:747)
	at org.springframework.aop.framework.CglibAopProxy$DynamicAdvisedInterceptor.intercept(CglibAopProxy.java:689)
	at com.weiyan.atp.app.controller.UserController$$EnhancerBySpringCGLIB$$75d6671.revokeAttr(<generated>)
	at sun.reflect.NativeMethodAccessorImpl.invoke0(Native Method)
	at sun.reflect.NativeMethodAccessorImpl.invoke(NativeMethodAccessorImpl.java:62)
	at sun.reflect.DelegatingMethodAccessorImpl.invoke(DelegatingMethodAccessorImpl.java:43)
	at java.lang.reflect.Method.invoke(Method.java:498)
	at org.springframework.web.method.support.InvocableHandlerMethod.doInvoke(InvocableHandlerMethod.java:190)
	at org.springframework.web.method.support.InvocableHandlerMethod.invokeForRequest(InvocableHandlerMethod.java:138)
	at org.springframework.web.servlet.mvc.method.annotation.ServletInvocableHandlerMethod.invokeAndHandle(ServletInvocableHandlerMethod.java:106)
	at org.springframework.web.servlet.mvc.method.annotation.RequestMappingHandlerAdapter.invokeHandlerMethod(RequestMappingHandlerAdapter.java:888)
	at org.springframework.web.servlet.mvc.method.annotation.RequestMappingHandlerAdapter.handleInternal(RequestMappingHandlerAdapter.java:793)
	at org.springframework.web.servlet.mvc.method.AbstractHandlerMethodAdapter.handle(AbstractHandlerMethodAdapter.java:87)
	at org.springframework.web.servlet.DispatcherServlet.doDispatch(DispatcherServlet.java:1040)
	at org.springframework.web.servlet.DispatcherServlet.doService(DispatcherServlet.java:943)
	at org.springframework.web.servlet.FrameworkServlet.processRequest(FrameworkServlet.java:1006)
	at org.springframework.web.servlet.FrameworkServlet.doPost(FrameworkServlet.java:909)
	at javax.servlet.http.HttpServlet.service(HttpServlet.java:660)
	at org.springframework.web.servlet.FrameworkServlet.service(FrameworkServlet.java:883)
	at javax.servlet.http.HttpServlet.service(HttpServlet.java:741)
	at org.apache.catalina.core.ApplicationFilterChain.internalDoFilter(ApplicationFilterChain.java:231)
	at org.apache.catalina.core.ApplicationFilterChain.doFilter(ApplicationFilterChain.java:166)
	at org.apache.tomcat.websocket.server.WsFilter.doFilter(WsFilter.java:53)
	at org.apache.catalina.core.ApplicationFilterChain.internalDoFilter(ApplicationFilterChain.java:193)
	at org.apache.catalina.core.ApplicationFilterChain.doFilter(ApplicationFilterChain.java:166)
	at org.springframework.web.filter.RequestContextFilter.doFilterInternal(RequestContextFilter.java:100)
	at org.springframework.web.filter.OncePerRequestFilter.doFilter(OncePerRequestFilter.java:119)
	at org.apache.catalina.core.ApplicationFilterChain.internalDoFilter(ApplicationFilterChain.java:193)
	at org.apache.catalina.core.ApplicationFilterChain.doFilter(ApplicationFilterChain.java:166)
	at org.springframework.web.filter.FormContentFilter.doFilterInternal(FormContentFilter.java:93)
	at org.springframework.web.filter.OncePerRequestFilter.doFilter(OncePerRequestFilter.java:119)
	at org.apache.catalina.core.ApplicationFilterChain.internalDoFilter(ApplicationFilterChain.java:193)
	at org.apache.catalina.core.ApplicationFilterChain.doFilter(ApplicationFilterChain.java:166)
	at org.springframework.web.filter.CharacterEncodingFilter.doFilterInternal(CharacterEncodingFilter.java:201)
	at org.springframework.web.filter.OncePerRequestFilter.doFilter(OncePerRequestFilter.java:119)
	at org.apache.catalina.core.ApplicationFilterChain.internalDoFilter(ApplicationFilterChain.java:193)
	at org.apache.catalina.core.ApplicationFilterChain.doFilter(ApplicationFilterChain.java:166)
	at org.apache.catalina.core.StandardWrapperValve.invoke(StandardWrapperValve.java:202)
	at org.apache.catalina.core.StandardContextValve.invoke(StandardContextValve.java:96)
	at org.apache.catalina.authenticator.AuthenticatorBase.invoke(AuthenticatorBase.java:541)
	at org.apache.catalina.core.StandardHostValve.invoke(StandardHostValve.java:139)
	at org.apache.catalina.valves.ErrorReportValve.invoke(ErrorReportValve.java:92)
	at org.apache.catalina.core.StandardEngineValve.invoke(StandardEngineValve.java:74)
	at org.apache.catalina.connector.CoyoteAdapter.service(CoyoteAdapter.java:343)
	at org.apache.coyote.http11.Http11Processor.service(Http11Processor.java:367)
	at org.apache.coyote.AbstractProcessorLight.process(AbstractProcessorLight.java:65)
	at org.apache.coyote.AbstractProtocol$ConnectionHandler.process(AbstractProtocol.java:860)
	at org.apache.tomcat.util.net.NioEndpoint$SocketProcessor.doRun(NioEndpoint.java:1598)
	at org.apache.tomcat.util.net.SocketProcessorBase.run(SocketProcessorBase.java:49)
	at java.util.concurrent.ThreadPoolExecutor.runWorker(ThreadPoolExecutor.java:1149)
	at java.util.concurrent.ThreadPoolExecutor$Worker.run(ThreadPoolExecutor.java:624)
	at org.apache.tomcat.util.threads.TaskThread$WrappingRunnable.run(TaskThread.java:61)
	at java.lang.Thread.run(Thread.java:750)
2025-07-22 16:46:36,567 INFO (ControllerOperatorAspect.java:45)- Returning from controller=ControllerLog(classMethod=com.weiyan.atp.app.controller.ControllerExceptionHandler.handleNullPointerException, ip=0:0:0:0:0:0:0:1, args=[java.lang.NullPointerException: no attr], url=http://localhost:8080/abe/user/attr/revoke, result=Result(code=500, message=no attr, data=null), startTime=1753173996566, endTime=1753173996567, spendTime=1, httpMethod=POST, user=null) 
2025-07-22 16:46:39,365 INFO (ControllerOperatorAspect.java:34)- Entering controller=ControllerLog(classMethod=com.weiyan.atp.app.controller.UserController.syncSuccessApply, ip=0:0:0:0:0:0:0:1, args=[SyncAttrRequest(fileName=u2, toId=null, type=null)], url=http://localhost:8080/abe/user/attr/sync, result=null, startTime=1753173999365, endTime=0, spendTime=0, httpMethod=POST, user=null) 
2025-07-22 16:46:39,493 INFO (ControllerOperatorAspect.java:45)- Returning from controller=ControllerLog(classMethod=com.weiyan.atp.app.controller.UserController.syncSuccessApply, ip=0:0:0:0:0:0:0:1, args=[SyncAttrRequest(fileName=u2, toId=null, type=null)], url=http://localhost:8080/abe/user/attr/sync, result=Result(code=200, message=null, data=DABEUser(apkMap={u2:a1=DABEUser.APK(gy=[3711405016579673998920187934120551992684221931436708790276507491018204457789410119660526101570982638961359383305762601, 2849740830097328657763725155964226047059586864708551161511450013907629040626462126094748271545965459779166175858330912]), u2:a2=DABEUser.APK(gy=[3012364593215125819037088362917438212713717863081383184874258124935265298573264893775909772882444052529072029092998811, 4854162504598210905800889515187377177854152807949973345601411898749916100191846460602729397874225299880254080466214053])}, askMap={u2:a1=DABEUser.ASK(y=1170470243385345595392941882044097988645905302464073794132511944076331205407016720116091923081171273661849271139338), u2:a2=DABEUser.ASK(y=3494640528891450641989317570968619182771944113063695002966118690904154184887651582554287826894587456079891149917782)}, eggAlpha=[518408508949828244036805377315677308829468683736526481378018073194946313926453250553376554446190685481265170062231290, 4872673767387353272499530066392262008525008354710508873009177567045820818143167610515988809119865059319307561553564152], alpha=2798034349413018788545470294659116570402242999231123568651816138185453508884310748043743048355884753184601271415489, gAlpha=[517534224993042805884612797149133397770093031985706899250556185961354712584494865787570809632518209783901087255789459, 6496571495760191031544309746054887553950672124211599993806509851484595356039389162357190818110463413936277858799150356], name=u2, opkMap={}, oskMap={}, appliedAttrMap={u2:a1=[1877866732652991031319008981453060489448439869214825474984232800611252579074478158732406616301207533206794254050216451, 1154169320373400491021635241401044231505787953754554780238801847165106514852576153826939220405407972525717657032646928]}, privacyAttrMap={}, password=698d51a19d8a121ce581499d7b701668, userType=user, channel=default)), startTime=1753173999365, endTime=1753173999493, spendTime=128, httpMethod=POST, user=null) 
2025-07-22 16:46:40,843 INFO (ControllerOperatorAspect.java:34)- Entering controller=ControllerLog(classMethod=com.weiyan.atp.app.controller.UserController.revokeAttr, ip=0:0:0:0:0:0:0:1, args=[RevokeUserAttrRequest(userName=u2, toUserName=u2, attrName=u2:a1, remark=null)], url=http://localhost:8080/abe/user/attr/revoke, result=null, startTime=1753174000843, endTime=0, spendTime=0, httpMethod=POST, user=null) 
2025-07-22 16:46:40,877 WARN (ControllerOperatorAspect.java:56)- Throwing from controller=ControllerLog(classMethod=com.weiyan.atp.app.controller.UserController.revokeAttr, ip=0:0:0:0:0:0:0:1, args=[RevokeUserAttrRequest(userName=u2, toUserName=u2, attrName=u2:a1, remark=null)], url=http://localhost:8080/abe/user/attr/revoke, result=null, startTime=1753174000843, endTime=1753174000877, spendTime=34, httpMethod=POST, user=null) 
java.lang.NullPointerException: no attr
	at com.google.common.base.Preconditions.checkNotNull(Preconditions.java:895)
	at com.weiyan.atp.service.impl.AttrServiceImpl.revokeAttr(AttrServiceImpl.java:235)
	at com.weiyan.atp.app.controller.UserController.revokeAttr(UserController.java:357)
	at com.weiyan.atp.app.controller.UserController$$FastClassBySpringCGLIB$$fb4d0725.invoke(<generated>)
	at org.springframework.cglib.proxy.MethodProxy.invoke(MethodProxy.java:218)
	at org.springframework.aop.framework.CglibAopProxy$CglibMethodInvocation.invokeJoinpoint(CglibAopProxy.java:769)
	at org.springframework.aop.framework.ReflectiveMethodInvocation.proceed(ReflectiveMethodInvocation.java:163)
	at org.springframework.aop.framework.CglibAopProxy$CglibMethodInvocation.proceed(CglibAopProxy.java:747)
	at org.springframework.aop.framework.adapter.MethodBeforeAdviceInterceptor.invoke(MethodBeforeAdviceInterceptor.java:56)
	at org.springframework.aop.framework.ReflectiveMethodInvocation.proceed(ReflectiveMethodInvocation.java:186)
	at org.springframework.aop.framework.CglibAopProxy$CglibMethodInvocation.proceed(CglibAopProxy.java:747)
	at org.springframework.aop.framework.adapter.AfterReturningAdviceInterceptor.invoke(AfterReturningAdviceInterceptor.java:55)
	at org.springframework.aop.framework.ReflectiveMethodInvocation.proceed(ReflectiveMethodInvocation.java:186)
	at org.springframework.aop.framework.CglibAopProxy$CglibMethodInvocation.proceed(CglibAopProxy.java:747)
	at org.springframework.aop.aspectj.AspectJAfterThrowingAdvice.invoke(AspectJAfterThrowingAdvice.java:62)
	at org.springframework.aop.framework.ReflectiveMethodInvocation.proceed(ReflectiveMethodInvocation.java:186)
	at org.springframework.aop.framework.CglibAopProxy$CglibMethodInvocation.proceed(CglibAopProxy.java:747)
	at org.springframework.aop.interceptor.ExposeInvocationInterceptor.invoke(ExposeInvocationInterceptor.java:95)
	at org.springframework.aop.framework.ReflectiveMethodInvocation.proceed(ReflectiveMethodInvocation.java:186)
	at org.springframework.aop.framework.CglibAopProxy$CglibMethodInvocation.proceed(CglibAopProxy.java:747)
	at org.springframework.aop.framework.CglibAopProxy$DynamicAdvisedInterceptor.intercept(CglibAopProxy.java:689)
	at com.weiyan.atp.app.controller.UserController$$EnhancerBySpringCGLIB$$75d6671.revokeAttr(<generated>)
	at sun.reflect.NativeMethodAccessorImpl.invoke0(Native Method)
	at sun.reflect.NativeMethodAccessorImpl.invoke(NativeMethodAccessorImpl.java:62)
	at sun.reflect.DelegatingMethodAccessorImpl.invoke(DelegatingMethodAccessorImpl.java:43)
	at java.lang.reflect.Method.invoke(Method.java:498)
	at org.springframework.web.method.support.InvocableHandlerMethod.doInvoke(InvocableHandlerMethod.java:190)
	at org.springframework.web.method.support.InvocableHandlerMethod.invokeForRequest(InvocableHandlerMethod.java:138)
	at org.springframework.web.servlet.mvc.method.annotation.ServletInvocableHandlerMethod.invokeAndHandle(ServletInvocableHandlerMethod.java:106)
	at org.springframework.web.servlet.mvc.method.annotation.RequestMappingHandlerAdapter.invokeHandlerMethod(RequestMappingHandlerAdapter.java:888)
	at org.springframework.web.servlet.mvc.method.annotation.RequestMappingHandlerAdapter.handleInternal(RequestMappingHandlerAdapter.java:793)
	at org.springframework.web.servlet.mvc.method.AbstractHandlerMethodAdapter.handle(AbstractHandlerMethodAdapter.java:87)
	at org.springframework.web.servlet.DispatcherServlet.doDispatch(DispatcherServlet.java:1040)
	at org.springframework.web.servlet.DispatcherServlet.doService(DispatcherServlet.java:943)
	at org.springframework.web.servlet.FrameworkServlet.processRequest(FrameworkServlet.java:1006)
	at org.springframework.web.servlet.FrameworkServlet.doPost(FrameworkServlet.java:909)
	at javax.servlet.http.HttpServlet.service(HttpServlet.java:660)
	at org.springframework.web.servlet.FrameworkServlet.service(FrameworkServlet.java:883)
	at javax.servlet.http.HttpServlet.service(HttpServlet.java:741)
	at org.apache.catalina.core.ApplicationFilterChain.internalDoFilter(ApplicationFilterChain.java:231)
	at org.apache.catalina.core.ApplicationFilterChain.doFilter(ApplicationFilterChain.java:166)
	at org.apache.tomcat.websocket.server.WsFilter.doFilter(WsFilter.java:53)
	at org.apache.catalina.core.ApplicationFilterChain.internalDoFilter(ApplicationFilterChain.java:193)
	at org.apache.catalina.core.ApplicationFilterChain.doFilter(ApplicationFilterChain.java:166)
	at org.springframework.web.filter.RequestContextFilter.doFilterInternal(RequestContextFilter.java:100)
	at org.springframework.web.filter.OncePerRequestFilter.doFilter(OncePerRequestFilter.java:119)
	at org.apache.catalina.core.ApplicationFilterChain.internalDoFilter(ApplicationFilterChain.java:193)
	at org.apache.catalina.core.ApplicationFilterChain.doFilter(ApplicationFilterChain.java:166)
	at org.springframework.web.filter.FormContentFilter.doFilterInternal(FormContentFilter.java:93)
	at org.springframework.web.filter.OncePerRequestFilter.doFilter(OncePerRequestFilter.java:119)
	at org.apache.catalina.core.ApplicationFilterChain.internalDoFilter(ApplicationFilterChain.java:193)
	at org.apache.catalina.core.ApplicationFilterChain.doFilter(ApplicationFilterChain.java:166)
	at org.springframework.web.filter.CharacterEncodingFilter.doFilterInternal(CharacterEncodingFilter.java:201)
	at org.springframework.web.filter.OncePerRequestFilter.doFilter(OncePerRequestFilter.java:119)
	at org.apache.catalina.core.ApplicationFilterChain.internalDoFilter(ApplicationFilterChain.java:193)
	at org.apache.catalina.core.ApplicationFilterChain.doFilter(ApplicationFilterChain.java:166)
	at org.apache.catalina.core.StandardWrapperValve.invoke(StandardWrapperValve.java:202)
	at org.apache.catalina.core.StandardContextValve.invoke(StandardContextValve.java:96)
	at org.apache.catalina.authenticator.AuthenticatorBase.invoke(AuthenticatorBase.java:541)
	at org.apache.catalina.core.StandardHostValve.invoke(StandardHostValve.java:139)
	at org.apache.catalina.valves.ErrorReportValve.invoke(ErrorReportValve.java:92)
	at org.apache.catalina.core.StandardEngineValve.invoke(StandardEngineValve.java:74)
	at org.apache.catalina.connector.CoyoteAdapter.service(CoyoteAdapter.java:343)
	at org.apache.coyote.http11.Http11Processor.service(Http11Processor.java:367)
	at org.apache.coyote.AbstractProcessorLight.process(AbstractProcessorLight.java:65)
	at org.apache.coyote.AbstractProtocol$ConnectionHandler.process(AbstractProtocol.java:860)
	at org.apache.tomcat.util.net.NioEndpoint$SocketProcessor.doRun(NioEndpoint.java:1598)
	at org.apache.tomcat.util.net.SocketProcessorBase.run(SocketProcessorBase.java:49)
	at java.util.concurrent.ThreadPoolExecutor.runWorker(ThreadPoolExecutor.java:1149)
	at java.util.concurrent.ThreadPoolExecutor$Worker.run(ThreadPoolExecutor.java:624)
	at org.apache.tomcat.util.threads.TaskThread$WrappingRunnable.run(TaskThread.java:61)
	at java.lang.Thread.run(Thread.java:750)
2025-07-22 16:46:40,881 INFO (ControllerOperatorAspect.java:34)- Entering controller=ControllerLog(classMethod=com.weiyan.atp.app.controller.ControllerExceptionHandler.handleNullPointerException, ip=0:0:0:0:0:0:0:1, args=[java.lang.NullPointerException: no attr], url=http://localhost:8080/abe/user/attr/revoke, result=null, startTime=1753174000881, endTime=0, spendTime=0, httpMethod=POST, user=null) 
2025-07-22 16:46:40,882 WARN (ControllerExceptionHandler.java:47)- NullPointerException
java.lang.NullPointerException: no attr
	at com.google.common.base.Preconditions.checkNotNull(Preconditions.java:895)
	at com.weiyan.atp.service.impl.AttrServiceImpl.revokeAttr(AttrServiceImpl.java:235)
	at com.weiyan.atp.app.controller.UserController.revokeAttr(UserController.java:357)
	at com.weiyan.atp.app.controller.UserController$$FastClassBySpringCGLIB$$fb4d0725.invoke(<generated>)
	at org.springframework.cglib.proxy.MethodProxy.invoke(MethodProxy.java:218)
	at org.springframework.aop.framework.CglibAopProxy$CglibMethodInvocation.invokeJoinpoint(CglibAopProxy.java:769)
	at org.springframework.aop.framework.ReflectiveMethodInvocation.proceed(ReflectiveMethodInvocation.java:163)
	at org.springframework.aop.framework.CglibAopProxy$CglibMethodInvocation.proceed(CglibAopProxy.java:747)
	at org.springframework.aop.framework.adapter.MethodBeforeAdviceInterceptor.invoke(MethodBeforeAdviceInterceptor.java:56)
	at org.springframework.aop.framework.ReflectiveMethodInvocation.proceed(ReflectiveMethodInvocation.java:186)
	at org.springframework.aop.framework.CglibAopProxy$CglibMethodInvocation.proceed(CglibAopProxy.java:747)
	at org.springframework.aop.framework.adapter.AfterReturningAdviceInterceptor.invoke(AfterReturningAdviceInterceptor.java:55)
	at org.springframework.aop.framework.ReflectiveMethodInvocation.proceed(ReflectiveMethodInvocation.java:186)
	at org.springframework.aop.framework.CglibAopProxy$CglibMethodInvocation.proceed(CglibAopProxy.java:747)
	at org.springframework.aop.aspectj.AspectJAfterThrowingAdvice.invoke(AspectJAfterThrowingAdvice.java:62)
	at org.springframework.aop.framework.ReflectiveMethodInvocation.proceed(ReflectiveMethodInvocation.java:186)
	at org.springframework.aop.framework.CglibAopProxy$CglibMethodInvocation.proceed(CglibAopProxy.java:747)
	at org.springframework.aop.interceptor.ExposeInvocationInterceptor.invoke(ExposeInvocationInterceptor.java:95)
	at org.springframework.aop.framework.ReflectiveMethodInvocation.proceed(ReflectiveMethodInvocation.java:186)
	at org.springframework.aop.framework.CglibAopProxy$CglibMethodInvocation.proceed(CglibAopProxy.java:747)
	at org.springframework.aop.framework.CglibAopProxy$DynamicAdvisedInterceptor.intercept(CglibAopProxy.java:689)
	at com.weiyan.atp.app.controller.UserController$$EnhancerBySpringCGLIB$$75d6671.revokeAttr(<generated>)
	at sun.reflect.NativeMethodAccessorImpl.invoke0(Native Method)
	at sun.reflect.NativeMethodAccessorImpl.invoke(NativeMethodAccessorImpl.java:62)
	at sun.reflect.DelegatingMethodAccessorImpl.invoke(DelegatingMethodAccessorImpl.java:43)
	at java.lang.reflect.Method.invoke(Method.java:498)
	at org.springframework.web.method.support.InvocableHandlerMethod.doInvoke(InvocableHandlerMethod.java:190)
	at org.springframework.web.method.support.InvocableHandlerMethod.invokeForRequest(InvocableHandlerMethod.java:138)
	at org.springframework.web.servlet.mvc.method.annotation.ServletInvocableHandlerMethod.invokeAndHandle(ServletInvocableHandlerMethod.java:106)
	at org.springframework.web.servlet.mvc.method.annotation.RequestMappingHandlerAdapter.invokeHandlerMethod(RequestMappingHandlerAdapter.java:888)
	at org.springframework.web.servlet.mvc.method.annotation.RequestMappingHandlerAdapter.handleInternal(RequestMappingHandlerAdapter.java:793)
	at org.springframework.web.servlet.mvc.method.AbstractHandlerMethodAdapter.handle(AbstractHandlerMethodAdapter.java:87)
	at org.springframework.web.servlet.DispatcherServlet.doDispatch(DispatcherServlet.java:1040)
	at org.springframework.web.servlet.DispatcherServlet.doService(DispatcherServlet.java:943)
	at org.springframework.web.servlet.FrameworkServlet.processRequest(FrameworkServlet.java:1006)
	at org.springframework.web.servlet.FrameworkServlet.doPost(FrameworkServlet.java:909)
	at javax.servlet.http.HttpServlet.service(HttpServlet.java:660)
	at org.springframework.web.servlet.FrameworkServlet.service(FrameworkServlet.java:883)
	at javax.servlet.http.HttpServlet.service(HttpServlet.java:741)
	at org.apache.catalina.core.ApplicationFilterChain.internalDoFilter(ApplicationFilterChain.java:231)
	at org.apache.catalina.core.ApplicationFilterChain.doFilter(ApplicationFilterChain.java:166)
	at org.apache.tomcat.websocket.server.WsFilter.doFilter(WsFilter.java:53)
	at org.apache.catalina.core.ApplicationFilterChain.internalDoFilter(ApplicationFilterChain.java:193)
	at org.apache.catalina.core.ApplicationFilterChain.doFilter(ApplicationFilterChain.java:166)
	at org.springframework.web.filter.RequestContextFilter.doFilterInternal(RequestContextFilter.java:100)
	at org.springframework.web.filter.OncePerRequestFilter.doFilter(OncePerRequestFilter.java:119)
	at org.apache.catalina.core.ApplicationFilterChain.internalDoFilter(ApplicationFilterChain.java:193)
	at org.apache.catalina.core.ApplicationFilterChain.doFilter(ApplicationFilterChain.java:166)
	at org.springframework.web.filter.FormContentFilter.doFilterInternal(FormContentFilter.java:93)
	at org.springframework.web.filter.OncePerRequestFilter.doFilter(OncePerRequestFilter.java:119)
	at org.apache.catalina.core.ApplicationFilterChain.internalDoFilter(ApplicationFilterChain.java:193)
	at org.apache.catalina.core.ApplicationFilterChain.doFilter(ApplicationFilterChain.java:166)
	at org.springframework.web.filter.CharacterEncodingFilter.doFilterInternal(CharacterEncodingFilter.java:201)
	at org.springframework.web.filter.OncePerRequestFilter.doFilter(OncePerRequestFilter.java:119)
	at org.apache.catalina.core.ApplicationFilterChain.internalDoFilter(ApplicationFilterChain.java:193)
	at org.apache.catalina.core.ApplicationFilterChain.doFilter(ApplicationFilterChain.java:166)
	at org.apache.catalina.core.StandardWrapperValve.invoke(StandardWrapperValve.java:202)
	at org.apache.catalina.core.StandardContextValve.invoke(StandardContextValve.java:96)
	at org.apache.catalina.authenticator.AuthenticatorBase.invoke(AuthenticatorBase.java:541)
	at org.apache.catalina.core.StandardHostValve.invoke(StandardHostValve.java:139)
	at org.apache.catalina.valves.ErrorReportValve.invoke(ErrorReportValve.java:92)
	at org.apache.catalina.core.StandardEngineValve.invoke(StandardEngineValve.java:74)
	at org.apache.catalina.connector.CoyoteAdapter.service(CoyoteAdapter.java:343)
	at org.apache.coyote.http11.Http11Processor.service(Http11Processor.java:367)
	at org.apache.coyote.AbstractProcessorLight.process(AbstractProcessorLight.java:65)
	at org.apache.coyote.AbstractProtocol$ConnectionHandler.process(AbstractProtocol.java:860)
	at org.apache.tomcat.util.net.NioEndpoint$SocketProcessor.doRun(NioEndpoint.java:1598)
	at org.apache.tomcat.util.net.SocketProcessorBase.run(SocketProcessorBase.java:49)
	at java.util.concurrent.ThreadPoolExecutor.runWorker(ThreadPoolExecutor.java:1149)
	at java.util.concurrent.ThreadPoolExecutor$Worker.run(ThreadPoolExecutor.java:624)
	at org.apache.tomcat.util.threads.TaskThread$WrappingRunnable.run(TaskThread.java:61)
	at java.lang.Thread.run(Thread.java:750)
2025-07-22 16:46:40,883 INFO (ControllerOperatorAspect.java:45)- Returning from controller=ControllerLog(classMethod=com.weiyan.atp.app.controller.ControllerExceptionHandler.handleNullPointerException, ip=0:0:0:0:0:0:0:1, args=[java.lang.NullPointerException: no attr], url=http://localhost:8080/abe/user/attr/revoke, result=Result(code=500, message=no attr, data=null), startTime=1753174000881, endTime=1753174000883, spendTime=2, httpMethod=POST, user=null) 
2025-07-22 16:46:45,494 INFO (ControllerOperatorAspect.java:34)- Entering controller=ControllerLog(classMethod=com.weiyan.atp.app.controller.ContentController.queryContents, ip=0:0:0:0:0:0:0:1, args=[, , 10, ], url=http://localhost:8080/abe/content/list, result=null, startTime=1753174005494, endTime=0, spendTime=0, httpMethod=GET, user=null) 
2025-07-22 16:46:45,522 INFO (ControllerOperatorAspect.java:45)- Returning from controller=ControllerLog(classMethod=com.weiyan.atp.app.controller.ContentController.queryContents, ip=0:0:0:0:0:0:0:1, args=[, , 10, ], url=http://localhost:8080/abe/content/list, result=Result(code=200, message=null, data=PlatContentsResponse(contents=[], bookmark=nil, pageSize=10, count=0)), startTime=1753174005494, endTime=1753174005522, spendTime=28, httpMethod=GET, user=null) 
2025-07-22 16:46:46,133 INFO (ControllerOperatorAspect.java:34)- Entering controller=ControllerLog(classMethod=com.weiyan.atp.app.controller.UserController.queryAttrApply, ip=0:0:0:0:0:0:0:1, args=[u2, 0, null, ALL], url=http://localhost:8080/abe/user/attr/apply, result=null, startTime=1753174006133, endTime=0, spendTime=0, httpMethod=GET, user=null) 
2025-07-22 16:46:46,134 INFO (ControllerOperatorAspect.java:34)- Entering controller=ControllerLog(classMethod=com.weiyan.atp.app.controller.UserController.attrHistory, ip=0:0:0:0:0:0:0:1, args=[u2], url=http://localhost:8080/abe/user/attr/history, result=null, startTime=1753174006134, endTime=0, spendTime=0, httpMethod=POST, user=null) 
2025-07-22 16:46:46,162 INFO (ControllerOperatorAspect.java:45)- Returning from controller=ControllerLog(classMethod=com.weiyan.atp.app.controller.UserController.queryAttrApply, ip=0:0:0:0:0:0:0:1, args=[u2, 0, null, ALL], url=http://localhost:8080/abe/user/attr/apply, result=Result(code=200, message=null, data=[PlatUserAttrApply(fromUid=u2, toUid=u2, toOrgId=, isPublic=true, attrName=u2:a1, remark=, n=1, t=1, applyType=TO_USER, status=SUCCESS, approvalMap={u2=PlatUserAttrApply.ApplyApproval(agree=true, secret=[1877866732652991031319008981453060489448439869214825474984232800611252579074478158732406616301207533206794254050216451, 1154169320373400491021635241401044231505787953754554780238801847165106514852576153826939220405407972525717657032646928], approveRemark=)})]), startTime=1753174006133, endTime=1753174006162, spendTime=29, httpMethod=GET, user=null) 
2025-07-22 16:46:46,165 INFO (ControllerOperatorAspect.java:45)- Returning from controller=ControllerLog(classMethod=com.weiyan.atp.app.controller.UserController.attrHistory, ip=0:0:0:0:0:0:0:1, args=[u2], url=http://localhost:8080/abe/user/attr/history, result=Result(code=200, message=null, data=[PlatUserAttrHistory(uid=u2, fromUid=u2, attrName=u2:a1, operation=agree, timeStamp=2025-07-22 16:46:08)]), startTime=1753174006134, endTime=1753174006165, spendTime=31, httpMethod=POST, user=null) 
2025-07-22 16:46:49,417 INFO (ControllerOperatorAspect.java:34)- Entering controller=ControllerLog(classMethod=com.weiyan.atp.app.controller.UserController.revokeAttr, ip=0:0:0:0:0:0:0:1, args=[RevokeUserAttrRequest(userName=u2, toUserName=u2, attrName=u2:a1, remark=null)], url=http://localhost:8080/abe/user/attr/revoke, result=null, startTime=1753174009417, endTime=0, spendTime=0, httpMethod=POST, user=null) 
2025-07-22 16:46:49,455 WARN (ControllerOperatorAspect.java:56)- Throwing from controller=ControllerLog(classMethod=com.weiyan.atp.app.controller.UserController.revokeAttr, ip=0:0:0:0:0:0:0:1, args=[RevokeUserAttrRequest(userName=u2, toUserName=u2, attrName=u2:a1, remark=null)], url=http://localhost:8080/abe/user/attr/revoke, result=null, startTime=1753174009417, endTime=1753174009455, spendTime=38, httpMethod=POST, user=null) 
java.lang.NullPointerException: no attr
	at com.google.common.base.Preconditions.checkNotNull(Preconditions.java:895)
	at com.weiyan.atp.service.impl.AttrServiceImpl.revokeAttr(AttrServiceImpl.java:235)
	at com.weiyan.atp.app.controller.UserController.revokeAttr(UserController.java:357)
	at com.weiyan.atp.app.controller.UserController$$FastClassBySpringCGLIB$$fb4d0725.invoke(<generated>)
	at org.springframework.cglib.proxy.MethodProxy.invoke(MethodProxy.java:218)
	at org.springframework.aop.framework.CglibAopProxy$CglibMethodInvocation.invokeJoinpoint(CglibAopProxy.java:769)
	at org.springframework.aop.framework.ReflectiveMethodInvocation.proceed(ReflectiveMethodInvocation.java:163)
	at org.springframework.aop.framework.CglibAopProxy$CglibMethodInvocation.proceed(CglibAopProxy.java:747)
	at org.springframework.aop.framework.adapter.MethodBeforeAdviceInterceptor.invoke(MethodBeforeAdviceInterceptor.java:56)
	at org.springframework.aop.framework.ReflectiveMethodInvocation.proceed(ReflectiveMethodInvocation.java:186)
	at org.springframework.aop.framework.CglibAopProxy$CglibMethodInvocation.proceed(CglibAopProxy.java:747)
	at org.springframework.aop.framework.adapter.AfterReturningAdviceInterceptor.invoke(AfterReturningAdviceInterceptor.java:55)
	at org.springframework.aop.framework.ReflectiveMethodInvocation.proceed(ReflectiveMethodInvocation.java:186)
	at org.springframework.aop.framework.CglibAopProxy$CglibMethodInvocation.proceed(CglibAopProxy.java:747)
	at org.springframework.aop.aspectj.AspectJAfterThrowingAdvice.invoke(AspectJAfterThrowingAdvice.java:62)
	at org.springframework.aop.framework.ReflectiveMethodInvocation.proceed(ReflectiveMethodInvocation.java:186)
	at org.springframework.aop.framework.CglibAopProxy$CglibMethodInvocation.proceed(CglibAopProxy.java:747)
	at org.springframework.aop.interceptor.ExposeInvocationInterceptor.invoke(ExposeInvocationInterceptor.java:95)
	at org.springframework.aop.framework.ReflectiveMethodInvocation.proceed(ReflectiveMethodInvocation.java:186)
	at org.springframework.aop.framework.CglibAopProxy$CglibMethodInvocation.proceed(CglibAopProxy.java:747)
	at org.springframework.aop.framework.CglibAopProxy$DynamicAdvisedInterceptor.intercept(CglibAopProxy.java:689)
	at com.weiyan.atp.app.controller.UserController$$EnhancerBySpringCGLIB$$75d6671.revokeAttr(<generated>)
	at sun.reflect.NativeMethodAccessorImpl.invoke0(Native Method)
	at sun.reflect.NativeMethodAccessorImpl.invoke(NativeMethodAccessorImpl.java:62)
	at sun.reflect.DelegatingMethodAccessorImpl.invoke(DelegatingMethodAccessorImpl.java:43)
	at java.lang.reflect.Method.invoke(Method.java:498)
	at org.springframework.web.method.support.InvocableHandlerMethod.doInvoke(InvocableHandlerMethod.java:190)
	at org.springframework.web.method.support.InvocableHandlerMethod.invokeForRequest(InvocableHandlerMethod.java:138)
	at org.springframework.web.servlet.mvc.method.annotation.ServletInvocableHandlerMethod.invokeAndHandle(ServletInvocableHandlerMethod.java:106)
	at org.springframework.web.servlet.mvc.method.annotation.RequestMappingHandlerAdapter.invokeHandlerMethod(RequestMappingHandlerAdapter.java:888)
	at org.springframework.web.servlet.mvc.method.annotation.RequestMappingHandlerAdapter.handleInternal(RequestMappingHandlerAdapter.java:793)
	at org.springframework.web.servlet.mvc.method.AbstractHandlerMethodAdapter.handle(AbstractHandlerMethodAdapter.java:87)
	at org.springframework.web.servlet.DispatcherServlet.doDispatch(DispatcherServlet.java:1040)
	at org.springframework.web.servlet.DispatcherServlet.doService(DispatcherServlet.java:943)
	at org.springframework.web.servlet.FrameworkServlet.processRequest(FrameworkServlet.java:1006)
	at org.springframework.web.servlet.FrameworkServlet.doPost(FrameworkServlet.java:909)
	at javax.servlet.http.HttpServlet.service(HttpServlet.java:660)
	at org.springframework.web.servlet.FrameworkServlet.service(FrameworkServlet.java:883)
	at javax.servlet.http.HttpServlet.service(HttpServlet.java:741)
	at org.apache.catalina.core.ApplicationFilterChain.internalDoFilter(ApplicationFilterChain.java:231)
	at org.apache.catalina.core.ApplicationFilterChain.doFilter(ApplicationFilterChain.java:166)
	at org.apache.tomcat.websocket.server.WsFilter.doFilter(WsFilter.java:53)
	at org.apache.catalina.core.ApplicationFilterChain.internalDoFilter(ApplicationFilterChain.java:193)
	at org.apache.catalina.core.ApplicationFilterChain.doFilter(ApplicationFilterChain.java:166)
	at org.springframework.web.filter.RequestContextFilter.doFilterInternal(RequestContextFilter.java:100)
	at org.springframework.web.filter.OncePerRequestFilter.doFilter(OncePerRequestFilter.java:119)
	at org.apache.catalina.core.ApplicationFilterChain.internalDoFilter(ApplicationFilterChain.java:193)
	at org.apache.catalina.core.ApplicationFilterChain.doFilter(ApplicationFilterChain.java:166)
	at org.springframework.web.filter.FormContentFilter.doFilterInternal(FormContentFilter.java:93)
	at org.springframework.web.filter.OncePerRequestFilter.doFilter(OncePerRequestFilter.java:119)
	at org.apache.catalina.core.ApplicationFilterChain.internalDoFilter(ApplicationFilterChain.java:193)
	at org.apache.catalina.core.ApplicationFilterChain.doFilter(ApplicationFilterChain.java:166)
	at org.springframework.web.filter.CharacterEncodingFilter.doFilterInternal(CharacterEncodingFilter.java:201)
	at org.springframework.web.filter.OncePerRequestFilter.doFilter(OncePerRequestFilter.java:119)
	at org.apache.catalina.core.ApplicationFilterChain.internalDoFilter(ApplicationFilterChain.java:193)
	at org.apache.catalina.core.ApplicationFilterChain.doFilter(ApplicationFilterChain.java:166)
	at org.apache.catalina.core.StandardWrapperValve.invoke(StandardWrapperValve.java:202)
	at org.apache.catalina.core.StandardContextValve.invoke(StandardContextValve.java:96)
	at org.apache.catalina.authenticator.AuthenticatorBase.invoke(AuthenticatorBase.java:541)
	at org.apache.catalina.core.StandardHostValve.invoke(StandardHostValve.java:139)
	at org.apache.catalina.valves.ErrorReportValve.invoke(ErrorReportValve.java:92)
	at org.apache.catalina.core.StandardEngineValve.invoke(StandardEngineValve.java:74)
	at org.apache.catalina.connector.CoyoteAdapter.service(CoyoteAdapter.java:343)
	at org.apache.coyote.http11.Http11Processor.service(Http11Processor.java:367)
	at org.apache.coyote.AbstractProcessorLight.process(AbstractProcessorLight.java:65)
	at org.apache.coyote.AbstractProtocol$ConnectionHandler.process(AbstractProtocol.java:860)
	at org.apache.tomcat.util.net.NioEndpoint$SocketProcessor.doRun(NioEndpoint.java:1598)
	at org.apache.tomcat.util.net.SocketProcessorBase.run(SocketProcessorBase.java:49)
	at java.util.concurrent.ThreadPoolExecutor.runWorker(ThreadPoolExecutor.java:1149)
	at java.util.concurrent.ThreadPoolExecutor$Worker.run(ThreadPoolExecutor.java:624)
	at org.apache.tomcat.util.threads.TaskThread$WrappingRunnable.run(TaskThread.java:61)
	at java.lang.Thread.run(Thread.java:750)
2025-07-22 16:46:49,457 INFO (ControllerOperatorAspect.java:34)- Entering controller=ControllerLog(classMethod=com.weiyan.atp.app.controller.ControllerExceptionHandler.handleNullPointerException, ip=0:0:0:0:0:0:0:1, args=[java.lang.NullPointerException: no attr], url=http://localhost:8080/abe/user/attr/revoke, result=null, startTime=1753174009457, endTime=0, spendTime=0, httpMethod=POST, user=null) 
2025-07-22 16:46:49,458 WARN (ControllerExceptionHandler.java:47)- NullPointerException
java.lang.NullPointerException: no attr
	at com.google.common.base.Preconditions.checkNotNull(Preconditions.java:895)
	at com.weiyan.atp.service.impl.AttrServiceImpl.revokeAttr(AttrServiceImpl.java:235)
	at com.weiyan.atp.app.controller.UserController.revokeAttr(UserController.java:357)
	at com.weiyan.atp.app.controller.UserController$$FastClassBySpringCGLIB$$fb4d0725.invoke(<generated>)
	at org.springframework.cglib.proxy.MethodProxy.invoke(MethodProxy.java:218)
	at org.springframework.aop.framework.CglibAopProxy$CglibMethodInvocation.invokeJoinpoint(CglibAopProxy.java:769)
	at org.springframework.aop.framework.ReflectiveMethodInvocation.proceed(ReflectiveMethodInvocation.java:163)
	at org.springframework.aop.framework.CglibAopProxy$CglibMethodInvocation.proceed(CglibAopProxy.java:747)
	at org.springframework.aop.framework.adapter.MethodBeforeAdviceInterceptor.invoke(MethodBeforeAdviceInterceptor.java:56)
	at org.springframework.aop.framework.ReflectiveMethodInvocation.proceed(ReflectiveMethodInvocation.java:186)
	at org.springframework.aop.framework.CglibAopProxy$CglibMethodInvocation.proceed(CglibAopProxy.java:747)
	at org.springframework.aop.framework.adapter.AfterReturningAdviceInterceptor.invoke(AfterReturningAdviceInterceptor.java:55)
	at org.springframework.aop.framework.ReflectiveMethodInvocation.proceed(ReflectiveMethodInvocation.java:186)
	at org.springframework.aop.framework.CglibAopProxy$CglibMethodInvocation.proceed(CglibAopProxy.java:747)
	at org.springframework.aop.aspectj.AspectJAfterThrowingAdvice.invoke(AspectJAfterThrowingAdvice.java:62)
	at org.springframework.aop.framework.ReflectiveMethodInvocation.proceed(ReflectiveMethodInvocation.java:186)
	at org.springframework.aop.framework.CglibAopProxy$CglibMethodInvocation.proceed(CglibAopProxy.java:747)
	at org.springframework.aop.interceptor.ExposeInvocationInterceptor.invoke(ExposeInvocationInterceptor.java:95)
	at org.springframework.aop.framework.ReflectiveMethodInvocation.proceed(ReflectiveMethodInvocation.java:186)
	at org.springframework.aop.framework.CglibAopProxy$CglibMethodInvocation.proceed(CglibAopProxy.java:747)
	at org.springframework.aop.framework.CglibAopProxy$DynamicAdvisedInterceptor.intercept(CglibAopProxy.java:689)
	at com.weiyan.atp.app.controller.UserController$$EnhancerBySpringCGLIB$$75d6671.revokeAttr(<generated>)
	at sun.reflect.NativeMethodAccessorImpl.invoke0(Native Method)
	at sun.reflect.NativeMethodAccessorImpl.invoke(NativeMethodAccessorImpl.java:62)
	at sun.reflect.DelegatingMethodAccessorImpl.invoke(DelegatingMethodAccessorImpl.java:43)
	at java.lang.reflect.Method.invoke(Method.java:498)
	at org.springframework.web.method.support.InvocableHandlerMethod.doInvoke(InvocableHandlerMethod.java:190)
	at org.springframework.web.method.support.InvocableHandlerMethod.invokeForRequest(InvocableHandlerMethod.java:138)
	at org.springframework.web.servlet.mvc.method.annotation.ServletInvocableHandlerMethod.invokeAndHandle(ServletInvocableHandlerMethod.java:106)
	at org.springframework.web.servlet.mvc.method.annotation.RequestMappingHandlerAdapter.invokeHandlerMethod(RequestMappingHandlerAdapter.java:888)
	at org.springframework.web.servlet.mvc.method.annotation.RequestMappingHandlerAdapter.handleInternal(RequestMappingHandlerAdapter.java:793)
	at org.springframework.web.servlet.mvc.method.AbstractHandlerMethodAdapter.handle(AbstractHandlerMethodAdapter.java:87)
	at org.springframework.web.servlet.DispatcherServlet.doDispatch(DispatcherServlet.java:1040)
	at org.springframework.web.servlet.DispatcherServlet.doService(DispatcherServlet.java:943)
	at org.springframework.web.servlet.FrameworkServlet.processRequest(FrameworkServlet.java:1006)
	at org.springframework.web.servlet.FrameworkServlet.doPost(FrameworkServlet.java:909)
	at javax.servlet.http.HttpServlet.service(HttpServlet.java:660)
	at org.springframework.web.servlet.FrameworkServlet.service(FrameworkServlet.java:883)
	at javax.servlet.http.HttpServlet.service(HttpServlet.java:741)
	at org.apache.catalina.core.ApplicationFilterChain.internalDoFilter(ApplicationFilterChain.java:231)
	at org.apache.catalina.core.ApplicationFilterChain.doFilter(ApplicationFilterChain.java:166)
	at org.apache.tomcat.websocket.server.WsFilter.doFilter(WsFilter.java:53)
	at org.apache.catalina.core.ApplicationFilterChain.internalDoFilter(ApplicationFilterChain.java:193)
	at org.apache.catalina.core.ApplicationFilterChain.doFilter(ApplicationFilterChain.java:166)
	at org.springframework.web.filter.RequestContextFilter.doFilterInternal(RequestContextFilter.java:100)
	at org.springframework.web.filter.OncePerRequestFilter.doFilter(OncePerRequestFilter.java:119)
	at org.apache.catalina.core.ApplicationFilterChain.internalDoFilter(ApplicationFilterChain.java:193)
	at org.apache.catalina.core.ApplicationFilterChain.doFilter(ApplicationFilterChain.java:166)
	at org.springframework.web.filter.FormContentFilter.doFilterInternal(FormContentFilter.java:93)
	at org.springframework.web.filter.OncePerRequestFilter.doFilter(OncePerRequestFilter.java:119)
	at org.apache.catalina.core.ApplicationFilterChain.internalDoFilter(ApplicationFilterChain.java:193)
	at org.apache.catalina.core.ApplicationFilterChain.doFilter(ApplicationFilterChain.java:166)
	at org.springframework.web.filter.CharacterEncodingFilter.doFilterInternal(CharacterEncodingFilter.java:201)
	at org.springframework.web.filter.OncePerRequestFilter.doFilter(OncePerRequestFilter.java:119)
	at org.apache.catalina.core.ApplicationFilterChain.internalDoFilter(ApplicationFilterChain.java:193)
	at org.apache.catalina.core.ApplicationFilterChain.doFilter(ApplicationFilterChain.java:166)
	at org.apache.catalina.core.StandardWrapperValve.invoke(StandardWrapperValve.java:202)
	at org.apache.catalina.core.StandardContextValve.invoke(StandardContextValve.java:96)
	at org.apache.catalina.authenticator.AuthenticatorBase.invoke(AuthenticatorBase.java:541)
	at org.apache.catalina.core.StandardHostValve.invoke(StandardHostValve.java:139)
	at org.apache.catalina.valves.ErrorReportValve.invoke(ErrorReportValve.java:92)
	at org.apache.catalina.core.StandardEngineValve.invoke(StandardEngineValve.java:74)
	at org.apache.catalina.connector.CoyoteAdapter.service(CoyoteAdapter.java:343)
	at org.apache.coyote.http11.Http11Processor.service(Http11Processor.java:367)
	at org.apache.coyote.AbstractProcessorLight.process(AbstractProcessorLight.java:65)
	at org.apache.coyote.AbstractProtocol$ConnectionHandler.process(AbstractProtocol.java:860)
	at org.apache.tomcat.util.net.NioEndpoint$SocketProcessor.doRun(NioEndpoint.java:1598)
	at org.apache.tomcat.util.net.SocketProcessorBase.run(SocketProcessorBase.java:49)
	at java.util.concurrent.ThreadPoolExecutor.runWorker(ThreadPoolExecutor.java:1149)
	at java.util.concurrent.ThreadPoolExecutor$Worker.run(ThreadPoolExecutor.java:624)
	at org.apache.tomcat.util.threads.TaskThread$WrappingRunnable.run(TaskThread.java:61)
	at java.lang.Thread.run(Thread.java:750)
2025-07-22 16:46:49,459 INFO (ControllerOperatorAspect.java:45)- Returning from controller=ControllerLog(classMethod=com.weiyan.atp.app.controller.ControllerExceptionHandler.handleNullPointerException, ip=0:0:0:0:0:0:0:1, args=[java.lang.NullPointerException: no attr], url=http://localhost:8080/abe/user/attr/revoke, result=Result(code=500, message=no attr, data=null), startTime=1753174009457, endTime=1753174009459, spendTime=2, httpMethod=POST, user=null) 
2025-07-22 16:46:58,664 INFO (ControllerOperatorAspect.java:34)- Entering controller=ControllerLog(classMethod=com.weiyan.atp.app.controller.UserController.revokeAttr, ip=0:0:0:0:0:0:0:1, args=[RevokeUserAttrRequest(userName=u2, toUserName=u2, attrName=u2:a1, remark=null)], url=http://localhost:8080/abe/user/attr/revoke, result=null, startTime=1753174018664, endTime=0, spendTime=0, httpMethod=POST, user=null) 
2025-07-22 16:46:58,727 WARN (ControllerOperatorAspect.java:56)- Throwing from controller=ControllerLog(classMethod=com.weiyan.atp.app.controller.UserController.revokeAttr, ip=0:0:0:0:0:0:0:1, args=[RevokeUserAttrRequest(userName=u2, toUserName=u2, attrName=u2:a1, remark=null)], url=http://localhost:8080/abe/user/attr/revoke, result=null, startTime=1753174018664, endTime=1753174018727, spendTime=63, httpMethod=POST, user=null) 
java.lang.NullPointerException: no attr
	at com.google.common.base.Preconditions.checkNotNull(Preconditions.java:895)
	at com.weiyan.atp.service.impl.AttrServiceImpl.revokeAttr(AttrServiceImpl.java:235)
	at com.weiyan.atp.app.controller.UserController.revokeAttr(UserController.java:357)
	at com.weiyan.atp.app.controller.UserController$$FastClassBySpringCGLIB$$fb4d0725.invoke(<generated>)
	at org.springframework.cglib.proxy.MethodProxy.invoke(MethodProxy.java:218)
	at org.springframework.aop.framework.CglibAopProxy$CglibMethodInvocation.invokeJoinpoint(CglibAopProxy.java:769)
	at org.springframework.aop.framework.ReflectiveMethodInvocation.proceed(ReflectiveMethodInvocation.java:163)
	at org.springframework.aop.framework.CglibAopProxy$CglibMethodInvocation.proceed(CglibAopProxy.java:747)
	at org.springframework.aop.framework.adapter.MethodBeforeAdviceInterceptor.invoke(MethodBeforeAdviceInterceptor.java:56)
	at org.springframework.aop.framework.ReflectiveMethodInvocation.proceed(ReflectiveMethodInvocation.java:186)
	at org.springframework.aop.framework.CglibAopProxy$CglibMethodInvocation.proceed(CglibAopProxy.java:747)
	at org.springframework.aop.framework.adapter.AfterReturningAdviceInterceptor.invoke(AfterReturningAdviceInterceptor.java:55)
	at org.springframework.aop.framework.ReflectiveMethodInvocation.proceed(ReflectiveMethodInvocation.java:186)
	at org.springframework.aop.framework.CglibAopProxy$CglibMethodInvocation.proceed(CglibAopProxy.java:747)
	at org.springframework.aop.aspectj.AspectJAfterThrowingAdvice.invoke(AspectJAfterThrowingAdvice.java:62)
	at org.springframework.aop.framework.ReflectiveMethodInvocation.proceed(ReflectiveMethodInvocation.java:186)
	at org.springframework.aop.framework.CglibAopProxy$CglibMethodInvocation.proceed(CglibAopProxy.java:747)
	at org.springframework.aop.interceptor.ExposeInvocationInterceptor.invoke(ExposeInvocationInterceptor.java:95)
	at org.springframework.aop.framework.ReflectiveMethodInvocation.proceed(ReflectiveMethodInvocation.java:186)
	at org.springframework.aop.framework.CglibAopProxy$CglibMethodInvocation.proceed(CglibAopProxy.java:747)
	at org.springframework.aop.framework.CglibAopProxy$DynamicAdvisedInterceptor.intercept(CglibAopProxy.java:689)
	at com.weiyan.atp.app.controller.UserController$$EnhancerBySpringCGLIB$$75d6671.revokeAttr(<generated>)
	at sun.reflect.NativeMethodAccessorImpl.invoke0(Native Method)
	at sun.reflect.NativeMethodAccessorImpl.invoke(NativeMethodAccessorImpl.java:62)
	at sun.reflect.DelegatingMethodAccessorImpl.invoke(DelegatingMethodAccessorImpl.java:43)
	at java.lang.reflect.Method.invoke(Method.java:498)
	at org.springframework.web.method.support.InvocableHandlerMethod.doInvoke(InvocableHandlerMethod.java:190)
	at org.springframework.web.method.support.InvocableHandlerMethod.invokeForRequest(InvocableHandlerMethod.java:138)
	at org.springframework.web.servlet.mvc.method.annotation.ServletInvocableHandlerMethod.invokeAndHandle(ServletInvocableHandlerMethod.java:106)
	at org.springframework.web.servlet.mvc.method.annotation.RequestMappingHandlerAdapter.invokeHandlerMethod(RequestMappingHandlerAdapter.java:888)
	at org.springframework.web.servlet.mvc.method.annotation.RequestMappingHandlerAdapter.handleInternal(RequestMappingHandlerAdapter.java:793)
	at org.springframework.web.servlet.mvc.method.AbstractHandlerMethodAdapter.handle(AbstractHandlerMethodAdapter.java:87)
	at org.springframework.web.servlet.DispatcherServlet.doDispatch(DispatcherServlet.java:1040)
	at org.springframework.web.servlet.DispatcherServlet.doService(DispatcherServlet.java:943)
	at org.springframework.web.servlet.FrameworkServlet.processRequest(FrameworkServlet.java:1006)
	at org.springframework.web.servlet.FrameworkServlet.doPost(FrameworkServlet.java:909)
	at javax.servlet.http.HttpServlet.service(HttpServlet.java:660)
	at org.springframework.web.servlet.FrameworkServlet.service(FrameworkServlet.java:883)
	at javax.servlet.http.HttpServlet.service(HttpServlet.java:741)
	at org.apache.catalina.core.ApplicationFilterChain.internalDoFilter(ApplicationFilterChain.java:231)
	at org.apache.catalina.core.ApplicationFilterChain.doFilter(ApplicationFilterChain.java:166)
	at org.apache.tomcat.websocket.server.WsFilter.doFilter(WsFilter.java:53)
	at org.apache.catalina.core.ApplicationFilterChain.internalDoFilter(ApplicationFilterChain.java:193)
	at org.apache.catalina.core.ApplicationFilterChain.doFilter(ApplicationFilterChain.java:166)
	at org.springframework.web.filter.RequestContextFilter.doFilterInternal(RequestContextFilter.java:100)
	at org.springframework.web.filter.OncePerRequestFilter.doFilter(OncePerRequestFilter.java:119)
	at org.apache.catalina.core.ApplicationFilterChain.internalDoFilter(ApplicationFilterChain.java:193)
	at org.apache.catalina.core.ApplicationFilterChain.doFilter(ApplicationFilterChain.java:166)
	at org.springframework.web.filter.FormContentFilter.doFilterInternal(FormContentFilter.java:93)
	at org.springframework.web.filter.OncePerRequestFilter.doFilter(OncePerRequestFilter.java:119)
	at org.apache.catalina.core.ApplicationFilterChain.internalDoFilter(ApplicationFilterChain.java:193)
	at org.apache.catalina.core.ApplicationFilterChain.doFilter(ApplicationFilterChain.java:166)
	at org.springframework.web.filter.CharacterEncodingFilter.doFilterInternal(CharacterEncodingFilter.java:201)
	at org.springframework.web.filter.OncePerRequestFilter.doFilter(OncePerRequestFilter.java:119)
	at org.apache.catalina.core.ApplicationFilterChain.internalDoFilter(ApplicationFilterChain.java:193)
	at org.apache.catalina.core.ApplicationFilterChain.doFilter(ApplicationFilterChain.java:166)
	at org.apache.catalina.core.StandardWrapperValve.invoke(StandardWrapperValve.java:202)
	at org.apache.catalina.core.StandardContextValve.invoke(StandardContextValve.java:96)
	at org.apache.catalina.authenticator.AuthenticatorBase.invoke(AuthenticatorBase.java:541)
	at org.apache.catalina.core.StandardHostValve.invoke(StandardHostValve.java:139)
	at org.apache.catalina.valves.ErrorReportValve.invoke(ErrorReportValve.java:92)
	at org.apache.catalina.core.StandardEngineValve.invoke(StandardEngineValve.java:74)
	at org.apache.catalina.connector.CoyoteAdapter.service(CoyoteAdapter.java:343)
	at org.apache.coyote.http11.Http11Processor.service(Http11Processor.java:367)
	at org.apache.coyote.AbstractProcessorLight.process(AbstractProcessorLight.java:65)
	at org.apache.coyote.AbstractProtocol$ConnectionHandler.process(AbstractProtocol.java:860)
	at org.apache.tomcat.util.net.NioEndpoint$SocketProcessor.doRun(NioEndpoint.java:1598)
	at org.apache.tomcat.util.net.SocketProcessorBase.run(SocketProcessorBase.java:49)
	at java.util.concurrent.ThreadPoolExecutor.runWorker(ThreadPoolExecutor.java:1149)
	at java.util.concurrent.ThreadPoolExecutor$Worker.run(ThreadPoolExecutor.java:624)
	at org.apache.tomcat.util.threads.TaskThread$WrappingRunnable.run(TaskThread.java:61)
	at java.lang.Thread.run(Thread.java:750)
2025-07-22 16:46:58,730 INFO (ControllerOperatorAspect.java:34)- Entering controller=ControllerLog(classMethod=com.weiyan.atp.app.controller.ControllerExceptionHandler.handleNullPointerException, ip=0:0:0:0:0:0:0:1, args=[java.lang.NullPointerException: no attr], url=http://localhost:8080/abe/user/attr/revoke, result=null, startTime=1753174018730, endTime=0, spendTime=0, httpMethod=POST, user=null) 
2025-07-22 16:46:58,731 WARN (ControllerExceptionHandler.java:47)- NullPointerException
java.lang.NullPointerException: no attr
	at com.google.common.base.Preconditions.checkNotNull(Preconditions.java:895)
	at com.weiyan.atp.service.impl.AttrServiceImpl.revokeAttr(AttrServiceImpl.java:235)
	at com.weiyan.atp.app.controller.UserController.revokeAttr(UserController.java:357)
	at com.weiyan.atp.app.controller.UserController$$FastClassBySpringCGLIB$$fb4d0725.invoke(<generated>)
	at org.springframework.cglib.proxy.MethodProxy.invoke(MethodProxy.java:218)
	at org.springframework.aop.framework.CglibAopProxy$CglibMethodInvocation.invokeJoinpoint(CglibAopProxy.java:769)
	at org.springframework.aop.framework.ReflectiveMethodInvocation.proceed(ReflectiveMethodInvocation.java:163)
	at org.springframework.aop.framework.CglibAopProxy$CglibMethodInvocation.proceed(CglibAopProxy.java:747)
	at org.springframework.aop.framework.adapter.MethodBeforeAdviceInterceptor.invoke(MethodBeforeAdviceInterceptor.java:56)
	at org.springframework.aop.framework.ReflectiveMethodInvocation.proceed(ReflectiveMethodInvocation.java:186)
	at org.springframework.aop.framework.CglibAopProxy$CglibMethodInvocation.proceed(CglibAopProxy.java:747)
	at org.springframework.aop.framework.adapter.AfterReturningAdviceInterceptor.invoke(AfterReturningAdviceInterceptor.java:55)
	at org.springframework.aop.framework.ReflectiveMethodInvocation.proceed(ReflectiveMethodInvocation.java:186)
	at org.springframework.aop.framework.CglibAopProxy$CglibMethodInvocation.proceed(CglibAopProxy.java:747)
	at org.springframework.aop.aspectj.AspectJAfterThrowingAdvice.invoke(AspectJAfterThrowingAdvice.java:62)
	at org.springframework.aop.framework.ReflectiveMethodInvocation.proceed(ReflectiveMethodInvocation.java:186)
	at org.springframework.aop.framework.CglibAopProxy$CglibMethodInvocation.proceed(CglibAopProxy.java:747)
	at org.springframework.aop.interceptor.ExposeInvocationInterceptor.invoke(ExposeInvocationInterceptor.java:95)
	at org.springframework.aop.framework.ReflectiveMethodInvocation.proceed(ReflectiveMethodInvocation.java:186)
	at org.springframework.aop.framework.CglibAopProxy$CglibMethodInvocation.proceed(CglibAopProxy.java:747)
	at org.springframework.aop.framework.CglibAopProxy$DynamicAdvisedInterceptor.intercept(CglibAopProxy.java:689)
	at com.weiyan.atp.app.controller.UserController$$EnhancerBySpringCGLIB$$75d6671.revokeAttr(<generated>)
	at sun.reflect.NativeMethodAccessorImpl.invoke0(Native Method)
	at sun.reflect.NativeMethodAccessorImpl.invoke(NativeMethodAccessorImpl.java:62)
	at sun.reflect.DelegatingMethodAccessorImpl.invoke(DelegatingMethodAccessorImpl.java:43)
	at java.lang.reflect.Method.invoke(Method.java:498)
	at org.springframework.web.method.support.InvocableHandlerMethod.doInvoke(InvocableHandlerMethod.java:190)
	at org.springframework.web.method.support.InvocableHandlerMethod.invokeForRequest(InvocableHandlerMethod.java:138)
	at org.springframework.web.servlet.mvc.method.annotation.ServletInvocableHandlerMethod.invokeAndHandle(ServletInvocableHandlerMethod.java:106)
	at org.springframework.web.servlet.mvc.method.annotation.RequestMappingHandlerAdapter.invokeHandlerMethod(RequestMappingHandlerAdapter.java:888)
	at org.springframework.web.servlet.mvc.method.annotation.RequestMappingHandlerAdapter.handleInternal(RequestMappingHandlerAdapter.java:793)
	at org.springframework.web.servlet.mvc.method.AbstractHandlerMethodAdapter.handle(AbstractHandlerMethodAdapter.java:87)
	at org.springframework.web.servlet.DispatcherServlet.doDispatch(DispatcherServlet.java:1040)
	at org.springframework.web.servlet.DispatcherServlet.doService(DispatcherServlet.java:943)
	at org.springframework.web.servlet.FrameworkServlet.processRequest(FrameworkServlet.java:1006)
	at org.springframework.web.servlet.FrameworkServlet.doPost(FrameworkServlet.java:909)
	at javax.servlet.http.HttpServlet.service(HttpServlet.java:660)
	at org.springframework.web.servlet.FrameworkServlet.service(FrameworkServlet.java:883)
	at javax.servlet.http.HttpServlet.service(HttpServlet.java:741)
	at org.apache.catalina.core.ApplicationFilterChain.internalDoFilter(ApplicationFilterChain.java:231)
	at org.apache.catalina.core.ApplicationFilterChain.doFilter(ApplicationFilterChain.java:166)
	at org.apache.tomcat.websocket.server.WsFilter.doFilter(WsFilter.java:53)
	at org.apache.catalina.core.ApplicationFilterChain.internalDoFilter(ApplicationFilterChain.java:193)
	at org.apache.catalina.core.ApplicationFilterChain.doFilter(ApplicationFilterChain.java:166)
	at org.springframework.web.filter.RequestContextFilter.doFilterInternal(RequestContextFilter.java:100)
	at org.springframework.web.filter.OncePerRequestFilter.doFilter(OncePerRequestFilter.java:119)
	at org.apache.catalina.core.ApplicationFilterChain.internalDoFilter(ApplicationFilterChain.java:193)
	at org.apache.catalina.core.ApplicationFilterChain.doFilter(ApplicationFilterChain.java:166)
	at org.springframework.web.filter.FormContentFilter.doFilterInternal(FormContentFilter.java:93)
	at org.springframework.web.filter.OncePerRequestFilter.doFilter(OncePerRequestFilter.java:119)
	at org.apache.catalina.core.ApplicationFilterChain.internalDoFilter(ApplicationFilterChain.java:193)
	at org.apache.catalina.core.ApplicationFilterChain.doFilter(ApplicationFilterChain.java:166)
	at org.springframework.web.filter.CharacterEncodingFilter.doFilterInternal(CharacterEncodingFilter.java:201)
	at org.springframework.web.filter.OncePerRequestFilter.doFilter(OncePerRequestFilter.java:119)
	at org.apache.catalina.core.ApplicationFilterChain.internalDoFilter(ApplicationFilterChain.java:193)
	at org.apache.catalina.core.ApplicationFilterChain.doFilter(ApplicationFilterChain.java:166)
	at org.apache.catalina.core.StandardWrapperValve.invoke(StandardWrapperValve.java:202)
	at org.apache.catalina.core.StandardContextValve.invoke(StandardContextValve.java:96)
	at org.apache.catalina.authenticator.AuthenticatorBase.invoke(AuthenticatorBase.java:541)
	at org.apache.catalina.core.StandardHostValve.invoke(StandardHostValve.java:139)
	at org.apache.catalina.valves.ErrorReportValve.invoke(ErrorReportValve.java:92)
	at org.apache.catalina.core.StandardEngineValve.invoke(StandardEngineValve.java:74)
	at org.apache.catalina.connector.CoyoteAdapter.service(CoyoteAdapter.java:343)
	at org.apache.coyote.http11.Http11Processor.service(Http11Processor.java:367)
	at org.apache.coyote.AbstractProcessorLight.process(AbstractProcessorLight.java:65)
	at org.apache.coyote.AbstractProtocol$ConnectionHandler.process(AbstractProtocol.java:860)
	at org.apache.tomcat.util.net.NioEndpoint$SocketProcessor.doRun(NioEndpoint.java:1598)
	at org.apache.tomcat.util.net.SocketProcessorBase.run(SocketProcessorBase.java:49)
	at java.util.concurrent.ThreadPoolExecutor.runWorker(ThreadPoolExecutor.java:1149)
	at java.util.concurrent.ThreadPoolExecutor$Worker.run(ThreadPoolExecutor.java:624)
	at org.apache.tomcat.util.threads.TaskThread$WrappingRunnable.run(TaskThread.java:61)
	at java.lang.Thread.run(Thread.java:750)
2025-07-22 16:46:58,732 INFO (ControllerOperatorAspect.java:45)- Returning from controller=ControllerLog(classMethod=com.weiyan.atp.app.controller.ControllerExceptionHandler.handleNullPointerException, ip=0:0:0:0:0:0:0:1, args=[java.lang.NullPointerException: no attr], url=http://localhost:8080/abe/user/attr/revoke, result=Result(code=500, message=no attr, data=null), startTime=1753174018730, endTime=1753174018732, spendTime=2, httpMethod=POST, user=null) 
2025-07-22 16:47:12,840 INFO (ControllerOperatorAspect.java:34)- Entering controller=ControllerLog(classMethod=com.weiyan.atp.app.controller.UserController.revokeAttr, ip=0:0:0:0:0:0:0:1, args=[RevokeUserAttrRequest(userName=u2, toUserName=u2, attrName=u2:a1, remark=null)], url=http://localhost:8080/abe/user/attr/revoke, result=null, startTime=1753174032840, endTime=0, spendTime=0, httpMethod=POST, user=null) 
2025-07-22 16:47:12,870 WARN (ControllerOperatorAspect.java:56)- Throwing from controller=ControllerLog(classMethod=com.weiyan.atp.app.controller.UserController.revokeAttr, ip=0:0:0:0:0:0:0:1, args=[RevokeUserAttrRequest(userName=u2, toUserName=u2, attrName=u2:a1, remark=null)], url=http://localhost:8080/abe/user/attr/revoke, result=null, startTime=1753174032840, endTime=1753174032870, spendTime=30, httpMethod=POST, user=null) 
java.lang.NullPointerException: no attr
	at com.google.common.base.Preconditions.checkNotNull(Preconditions.java:895)
	at com.weiyan.atp.service.impl.AttrServiceImpl.revokeAttr(AttrServiceImpl.java:235)
	at com.weiyan.atp.app.controller.UserController.revokeAttr(UserController.java:357)
	at com.weiyan.atp.app.controller.UserController$$FastClassBySpringCGLIB$$fb4d0725.invoke(<generated>)
	at org.springframework.cglib.proxy.MethodProxy.invoke(MethodProxy.java:218)
	at org.springframework.aop.framework.CglibAopProxy$CglibMethodInvocation.invokeJoinpoint(CglibAopProxy.java:769)
	at org.springframework.aop.framework.ReflectiveMethodInvocation.proceed(ReflectiveMethodInvocation.java:163)
	at org.springframework.aop.framework.CglibAopProxy$CglibMethodInvocation.proceed(CglibAopProxy.java:747)
	at org.springframework.aop.framework.adapter.MethodBeforeAdviceInterceptor.invoke(MethodBeforeAdviceInterceptor.java:56)
	at org.springframework.aop.framework.ReflectiveMethodInvocation.proceed(ReflectiveMethodInvocation.java:186)
	at org.springframework.aop.framework.CglibAopProxy$CglibMethodInvocation.proceed(CglibAopProxy.java:747)
	at org.springframework.aop.framework.adapter.AfterReturningAdviceInterceptor.invoke(AfterReturningAdviceInterceptor.java:55)
	at org.springframework.aop.framework.ReflectiveMethodInvocation.proceed(ReflectiveMethodInvocation.java:186)
	at org.springframework.aop.framework.CglibAopProxy$CglibMethodInvocation.proceed(CglibAopProxy.java:747)
	at org.springframework.aop.aspectj.AspectJAfterThrowingAdvice.invoke(AspectJAfterThrowingAdvice.java:62)
	at org.springframework.aop.framework.ReflectiveMethodInvocation.proceed(ReflectiveMethodInvocation.java:186)
	at org.springframework.aop.framework.CglibAopProxy$CglibMethodInvocation.proceed(CglibAopProxy.java:747)
	at org.springframework.aop.interceptor.ExposeInvocationInterceptor.invoke(ExposeInvocationInterceptor.java:95)
	at org.springframework.aop.framework.ReflectiveMethodInvocation.proceed(ReflectiveMethodInvocation.java:186)
	at org.springframework.aop.framework.CglibAopProxy$CglibMethodInvocation.proceed(CglibAopProxy.java:747)
	at org.springframework.aop.framework.CglibAopProxy$DynamicAdvisedInterceptor.intercept(CglibAopProxy.java:689)
	at com.weiyan.atp.app.controller.UserController$$EnhancerBySpringCGLIB$$75d6671.revokeAttr(<generated>)
	at sun.reflect.NativeMethodAccessorImpl.invoke0(Native Method)
	at sun.reflect.NativeMethodAccessorImpl.invoke(NativeMethodAccessorImpl.java:62)
	at sun.reflect.DelegatingMethodAccessorImpl.invoke(DelegatingMethodAccessorImpl.java:43)
	at java.lang.reflect.Method.invoke(Method.java:498)
	at org.springframework.web.method.support.InvocableHandlerMethod.doInvoke(InvocableHandlerMethod.java:190)
	at org.springframework.web.method.support.InvocableHandlerMethod.invokeForRequest(InvocableHandlerMethod.java:138)
	at org.springframework.web.servlet.mvc.method.annotation.ServletInvocableHandlerMethod.invokeAndHandle(ServletInvocableHandlerMethod.java:106)
	at org.springframework.web.servlet.mvc.method.annotation.RequestMappingHandlerAdapter.invokeHandlerMethod(RequestMappingHandlerAdapter.java:888)
	at org.springframework.web.servlet.mvc.method.annotation.RequestMappingHandlerAdapter.handleInternal(RequestMappingHandlerAdapter.java:793)
	at org.springframework.web.servlet.mvc.method.AbstractHandlerMethodAdapter.handle(AbstractHandlerMethodAdapter.java:87)
	at org.springframework.web.servlet.DispatcherServlet.doDispatch(DispatcherServlet.java:1040)
	at org.springframework.web.servlet.DispatcherServlet.doService(DispatcherServlet.java:943)
	at org.springframework.web.servlet.FrameworkServlet.processRequest(FrameworkServlet.java:1006)
	at org.springframework.web.servlet.FrameworkServlet.doPost(FrameworkServlet.java:909)
	at javax.servlet.http.HttpServlet.service(HttpServlet.java:660)
	at org.springframework.web.servlet.FrameworkServlet.service(FrameworkServlet.java:883)
	at javax.servlet.http.HttpServlet.service(HttpServlet.java:741)
	at org.apache.catalina.core.ApplicationFilterChain.internalDoFilter(ApplicationFilterChain.java:231)
	at org.apache.catalina.core.ApplicationFilterChain.doFilter(ApplicationFilterChain.java:166)
	at org.apache.tomcat.websocket.server.WsFilter.doFilter(WsFilter.java:53)
	at org.apache.catalina.core.ApplicationFilterChain.internalDoFilter(ApplicationFilterChain.java:193)
	at org.apache.catalina.core.ApplicationFilterChain.doFilter(ApplicationFilterChain.java:166)
	at org.springframework.web.filter.RequestContextFilter.doFilterInternal(RequestContextFilter.java:100)
	at org.springframework.web.filter.OncePerRequestFilter.doFilter(OncePerRequestFilter.java:119)
	at org.apache.catalina.core.ApplicationFilterChain.internalDoFilter(ApplicationFilterChain.java:193)
	at org.apache.catalina.core.ApplicationFilterChain.doFilter(ApplicationFilterChain.java:166)
	at org.springframework.web.filter.FormContentFilter.doFilterInternal(FormContentFilter.java:93)
	at org.springframework.web.filter.OncePerRequestFilter.doFilter(OncePerRequestFilter.java:119)
	at org.apache.catalina.core.ApplicationFilterChain.internalDoFilter(ApplicationFilterChain.java:193)
	at org.apache.catalina.core.ApplicationFilterChain.doFilter(ApplicationFilterChain.java:166)
	at org.springframework.web.filter.CharacterEncodingFilter.doFilterInternal(CharacterEncodingFilter.java:201)
	at org.springframework.web.filter.OncePerRequestFilter.doFilter(OncePerRequestFilter.java:119)
	at org.apache.catalina.core.ApplicationFilterChain.internalDoFilter(ApplicationFilterChain.java:193)
	at org.apache.catalina.core.ApplicationFilterChain.doFilter(ApplicationFilterChain.java:166)
	at org.apache.catalina.core.StandardWrapperValve.invoke(StandardWrapperValve.java:202)
	at org.apache.catalina.core.StandardContextValve.invoke(StandardContextValve.java:96)
	at org.apache.catalina.authenticator.AuthenticatorBase.invoke(AuthenticatorBase.java:541)
	at org.apache.catalina.core.StandardHostValve.invoke(StandardHostValve.java:139)
	at org.apache.catalina.valves.ErrorReportValve.invoke(ErrorReportValve.java:92)
	at org.apache.catalina.core.StandardEngineValve.invoke(StandardEngineValve.java:74)
	at org.apache.catalina.connector.CoyoteAdapter.service(CoyoteAdapter.java:343)
	at org.apache.coyote.http11.Http11Processor.service(Http11Processor.java:367)
	at org.apache.coyote.AbstractProcessorLight.process(AbstractProcessorLight.java:65)
	at org.apache.coyote.AbstractProtocol$ConnectionHandler.process(AbstractProtocol.java:860)
	at org.apache.tomcat.util.net.NioEndpoint$SocketProcessor.doRun(NioEndpoint.java:1598)
	at org.apache.tomcat.util.net.SocketProcessorBase.run(SocketProcessorBase.java:49)
	at java.util.concurrent.ThreadPoolExecutor.runWorker(ThreadPoolExecutor.java:1149)
	at java.util.concurrent.ThreadPoolExecutor$Worker.run(ThreadPoolExecutor.java:624)
	at org.apache.tomcat.util.threads.TaskThread$WrappingRunnable.run(TaskThread.java:61)
	at java.lang.Thread.run(Thread.java:750)
2025-07-22 16:47:12,873 INFO (ControllerOperatorAspect.java:34)- Entering controller=ControllerLog(classMethod=com.weiyan.atp.app.controller.ControllerExceptionHandler.handleNullPointerException, ip=0:0:0:0:0:0:0:1, args=[java.lang.NullPointerException: no attr], url=http://localhost:8080/abe/user/attr/revoke, result=null, startTime=1753174032873, endTime=0, spendTime=0, httpMethod=POST, user=null) 
2025-07-22 16:47:12,874 WARN (ControllerExceptionHandler.java:47)- NullPointerException
java.lang.NullPointerException: no attr
	at com.google.common.base.Preconditions.checkNotNull(Preconditions.java:895)
	at com.weiyan.atp.service.impl.AttrServiceImpl.revokeAttr(AttrServiceImpl.java:235)
	at com.weiyan.atp.app.controller.UserController.revokeAttr(UserController.java:357)
	at com.weiyan.atp.app.controller.UserController$$FastClassBySpringCGLIB$$fb4d0725.invoke(<generated>)
	at org.springframework.cglib.proxy.MethodProxy.invoke(MethodProxy.java:218)
	at org.springframework.aop.framework.CglibAopProxy$CglibMethodInvocation.invokeJoinpoint(CglibAopProxy.java:769)
	at org.springframework.aop.framework.ReflectiveMethodInvocation.proceed(ReflectiveMethodInvocation.java:163)
	at org.springframework.aop.framework.CglibAopProxy$CglibMethodInvocation.proceed(CglibAopProxy.java:747)
	at org.springframework.aop.framework.adapter.MethodBeforeAdviceInterceptor.invoke(MethodBeforeAdviceInterceptor.java:56)
	at org.springframework.aop.framework.ReflectiveMethodInvocation.proceed(ReflectiveMethodInvocation.java:186)
	at org.springframework.aop.framework.CglibAopProxy$CglibMethodInvocation.proceed(CglibAopProxy.java:747)
	at org.springframework.aop.framework.adapter.AfterReturningAdviceInterceptor.invoke(AfterReturningAdviceInterceptor.java:55)
	at org.springframework.aop.framework.ReflectiveMethodInvocation.proceed(ReflectiveMethodInvocation.java:186)
	at org.springframework.aop.framework.CglibAopProxy$CglibMethodInvocation.proceed(CglibAopProxy.java:747)
	at org.springframework.aop.aspectj.AspectJAfterThrowingAdvice.invoke(AspectJAfterThrowingAdvice.java:62)
	at org.springframework.aop.framework.ReflectiveMethodInvocation.proceed(ReflectiveMethodInvocation.java:186)
	at org.springframework.aop.framework.CglibAopProxy$CglibMethodInvocation.proceed(CglibAopProxy.java:747)
	at org.springframework.aop.interceptor.ExposeInvocationInterceptor.invoke(ExposeInvocationInterceptor.java:95)
	at org.springframework.aop.framework.ReflectiveMethodInvocation.proceed(ReflectiveMethodInvocation.java:186)
	at org.springframework.aop.framework.CglibAopProxy$CglibMethodInvocation.proceed(CglibAopProxy.java:747)
	at org.springframework.aop.framework.CglibAopProxy$DynamicAdvisedInterceptor.intercept(CglibAopProxy.java:689)
	at com.weiyan.atp.app.controller.UserController$$EnhancerBySpringCGLIB$$75d6671.revokeAttr(<generated>)
	at sun.reflect.NativeMethodAccessorImpl.invoke0(Native Method)
	at sun.reflect.NativeMethodAccessorImpl.invoke(NativeMethodAccessorImpl.java:62)
	at sun.reflect.DelegatingMethodAccessorImpl.invoke(DelegatingMethodAccessorImpl.java:43)
	at java.lang.reflect.Method.invoke(Method.java:498)
	at org.springframework.web.method.support.InvocableHandlerMethod.doInvoke(InvocableHandlerMethod.java:190)
	at org.springframework.web.method.support.InvocableHandlerMethod.invokeForRequest(InvocableHandlerMethod.java:138)
	at org.springframework.web.servlet.mvc.method.annotation.ServletInvocableHandlerMethod.invokeAndHandle(ServletInvocableHandlerMethod.java:106)
	at org.springframework.web.servlet.mvc.method.annotation.RequestMappingHandlerAdapter.invokeHandlerMethod(RequestMappingHandlerAdapter.java:888)
	at org.springframework.web.servlet.mvc.method.annotation.RequestMappingHandlerAdapter.handleInternal(RequestMappingHandlerAdapter.java:793)
	at org.springframework.web.servlet.mvc.method.AbstractHandlerMethodAdapter.handle(AbstractHandlerMethodAdapter.java:87)
	at org.springframework.web.servlet.DispatcherServlet.doDispatch(DispatcherServlet.java:1040)
	at org.springframework.web.servlet.DispatcherServlet.doService(DispatcherServlet.java:943)
	at org.springframework.web.servlet.FrameworkServlet.processRequest(FrameworkServlet.java:1006)
	at org.springframework.web.servlet.FrameworkServlet.doPost(FrameworkServlet.java:909)
	at javax.servlet.http.HttpServlet.service(HttpServlet.java:660)
	at org.springframework.web.servlet.FrameworkServlet.service(FrameworkServlet.java:883)
	at javax.servlet.http.HttpServlet.service(HttpServlet.java:741)
	at org.apache.catalina.core.ApplicationFilterChain.internalDoFilter(ApplicationFilterChain.java:231)
	at org.apache.catalina.core.ApplicationFilterChain.doFilter(ApplicationFilterChain.java:166)
	at org.apache.tomcat.websocket.server.WsFilter.doFilter(WsFilter.java:53)
	at org.apache.catalina.core.ApplicationFilterChain.internalDoFilter(ApplicationFilterChain.java:193)
	at org.apache.catalina.core.ApplicationFilterChain.doFilter(ApplicationFilterChain.java:166)
	at org.springframework.web.filter.RequestContextFilter.doFilterInternal(RequestContextFilter.java:100)
	at org.springframework.web.filter.OncePerRequestFilter.doFilter(OncePerRequestFilter.java:119)
	at org.apache.catalina.core.ApplicationFilterChain.internalDoFilter(ApplicationFilterChain.java:193)
	at org.apache.catalina.core.ApplicationFilterChain.doFilter(ApplicationFilterChain.java:166)
	at org.springframework.web.filter.FormContentFilter.doFilterInternal(FormContentFilter.java:93)
	at org.springframework.web.filter.OncePerRequestFilter.doFilter(OncePerRequestFilter.java:119)
	at org.apache.catalina.core.ApplicationFilterChain.internalDoFilter(ApplicationFilterChain.java:193)
	at org.apache.catalina.core.ApplicationFilterChain.doFilter(ApplicationFilterChain.java:166)
	at org.springframework.web.filter.CharacterEncodingFilter.doFilterInternal(CharacterEncodingFilter.java:201)
	at org.springframework.web.filter.OncePerRequestFilter.doFilter(OncePerRequestFilter.java:119)
	at org.apache.catalina.core.ApplicationFilterChain.internalDoFilter(ApplicationFilterChain.java:193)
	at org.apache.catalina.core.ApplicationFilterChain.doFilter(ApplicationFilterChain.java:166)
	at org.apache.catalina.core.StandardWrapperValve.invoke(StandardWrapperValve.java:202)
	at org.apache.catalina.core.StandardContextValve.invoke(StandardContextValve.java:96)
	at org.apache.catalina.authenticator.AuthenticatorBase.invoke(AuthenticatorBase.java:541)
	at org.apache.catalina.core.StandardHostValve.invoke(StandardHostValve.java:139)
	at org.apache.catalina.valves.ErrorReportValve.invoke(ErrorReportValve.java:92)
	at org.apache.catalina.core.StandardEngineValve.invoke(StandardEngineValve.java:74)
	at org.apache.catalina.connector.CoyoteAdapter.service(CoyoteAdapter.java:343)
	at org.apache.coyote.http11.Http11Processor.service(Http11Processor.java:367)
	at org.apache.coyote.AbstractProcessorLight.process(AbstractProcessorLight.java:65)
	at org.apache.coyote.AbstractProtocol$ConnectionHandler.process(AbstractProtocol.java:860)
	at org.apache.tomcat.util.net.NioEndpoint$SocketProcessor.doRun(NioEndpoint.java:1598)
	at org.apache.tomcat.util.net.SocketProcessorBase.run(SocketProcessorBase.java:49)
	at java.util.concurrent.ThreadPoolExecutor.runWorker(ThreadPoolExecutor.java:1149)
	at java.util.concurrent.ThreadPoolExecutor$Worker.run(ThreadPoolExecutor.java:624)
	at org.apache.tomcat.util.threads.TaskThread$WrappingRunnable.run(TaskThread.java:61)
	at java.lang.Thread.run(Thread.java:750)
2025-07-22 16:47:12,875 INFO (ControllerOperatorAspect.java:45)- Returning from controller=ControllerLog(classMethod=com.weiyan.atp.app.controller.ControllerExceptionHandler.handleNullPointerException, ip=0:0:0:0:0:0:0:1, args=[java.lang.NullPointerException: no attr], url=http://localhost:8080/abe/user/attr/revoke, result=Result(code=500, message=no attr, data=null), startTime=1753174032873, endTime=1753174032875, spendTime=2, httpMethod=POST, user=null) 
2025-07-22 16:49:57,943 INFO (ExecutorConfigurationSupport.java:208)- Shutting down ExecutorService 'applicationTaskExecutor'
2025-07-22 16:49:57,944 INFO (AbstractEntityManagerFactoryBean.java:598)- Closing JPA EntityManagerFactory for persistence unit 'default'
2025-07-22 16:49:57,947 INFO (HikariDataSource.java:350)- HikariPool-1 - Shutdown initiated...
2025-07-22 16:49:57,956 INFO (HikariDataSource.java:352)- HikariPool-1 - Shutdown completed.
